"address","request_date","completion_date","number_of_potholes_filled_on_block","latitude","longitude","location"
"6151 N GREENVIEW AVE","2026-05-06T14:25:18.000","2026-05-09T16:31:15.000","7","41.994180000941","-87.667497000002","POINT (-87.667497000002 41.994180000941)"
"1240 W GRANVILLE AVE","2026-04-08T13:30:09.000","2026-05-09T16:29:37.000","8","41.994774000941","-87.662110500002","POINT (-87.662110500002 41.994774000941)"
"6259 N LAKEWOOD AVE","2026-04-12T19:00:20.000","2026-05-09T16:29:00.000","8","41.996259000941","-87.662700000002","POINT (-87.662700000002 41.996259000941)"
"6220 N WAYNE AVE","2026-04-03T13:13:27.000","2026-05-09T16:28:10.000","20","41.995179000941","-87.664396500002","POINT (-87.664396500002 41.995179000941)"
"6244 N GLENWOOD AVE","2026-04-13T12:28:09.000","2026-05-09T16:25:24.000","2","41.995674000941","-87.665553000002","POINT (-87.665553000002 41.995674000941)"
"6351 N LAKEWOOD AVE","2026-04-17T15:39:47.000","2026-05-09T16:24:26.000","5","41.997888000941","-87.662826000002","POINT (-87.662826000002 41.997888000941)"
"1500 W HIGHLAND AVE","2026-05-09T16:19:30.000","2026-05-09T16:20:16.000","12","41.997456000941","-87.667992000002","POINT (-87.667992000002 41.997456000941)"
"4856 N ASHLAND AVE","2026-02-20T11:39:04.000","2026-05-09T16:10:44.000","8","41.970574244727","-87.669566660791","POINT (-87.669566660791 41.970574244727)"
"4801 N HERMITAGE AVE","2026-03-05T10:23:51.000","2026-05-09T16:10:06.000","30","41.968911296639","-87.672527438742","POINT (-87.672527438742 41.968911296639)"
"4800 N PAULINA ST","2026-05-06T15:34:37.000","2026-05-09T16:09:28.000","8","41.968928030308","-87.67110372763","POINT (-87.67110372763 41.968928030308)"
"1620 W LAWRENCE AVE","2026-03-10T15:51:31.000","2026-05-09T16:08:16.000","3","41.969043000941","-87.670368000002","POINT (-87.670368000002 41.969043000941)"
"1625 W AINSLIE ST","2026-04-10T10:53:48.000","2026-05-09T16:07:37.000","2","41.971716000941","-87.670561500002","POINT (-87.670561500002 41.971716000941)"
"4880 N PAULINA ST","2026-03-03T12:36:38.000","2026-05-09T16:06:56.000","10","41.971185000941","-87.671479500002","POINT (-87.671479500002 41.971185000941)"
"1732 W LAWRENCE AVE","2026-03-10T15:50:30.000","2026-05-09T16:06:12.000","4","41.969025000941","-87.672388500002","POINT (-87.672388500002 41.969025000941)"
"1800 W LAWRENCE AVE","2026-03-11T12:58:15.000","2026-05-09T16:04:24.000","6","41.969097000941","-87.674841000002","POINT (-87.674841000002 41.969097000941)"
"4927 N WINCHESTER AVE","2026-04-20T15:03:48.000","2026-05-09T16:03:06.000","15","41.971473000941","-87.677460000002","POINT (-87.677460000002 41.971473000941)"
"4926 N PAULINA ST","2026-05-02T21:24:21.000","2026-05-09T16:01:02.000","2","41.973255000941","-87.671596500002","POINT (-87.671596500002 41.973255000941)"
"5040 N WOLCOTT AVE","2026-04-20T15:06:07.000","2026-05-09T15:59:46.000","3","41.973662197646","-87.676418768664","POINT (-87.676418768664 41.973662197646)"
"1901 W WINNEMAC AVE","2026-04-28T14:18:40.000","2026-05-09T15:59:06.000","1","41.973165000941","-87.676609500002","POINT (-87.676609500002 41.973165000941)"
"1653 W CARMEN AVE","2026-04-20T13:46:01.000","2026-05-09T15:57:32.000","2","41.974128000941","-87.671659500002","POINT (-87.671659500002 41.974128000941)"
"1722 W WINNEMAC AVE","2026-04-20T15:01:23.000","2026-05-09T15:56:53.000","3","41.973579000941","-87.672136500002","POINT (-87.672136500002 41.973579000941)"
"1650 W WINNEMAC AVE","2026-05-01T06:14:57.000","2026-05-09T15:55:28.000","8","41.973687000941","-87.670719000002","POINT (-87.670719000002 41.973687000941)"
"6300 N CAMPBELL AVE","2026-04-06T10:03:08.000","2026-05-09T15:52:34.000","17","41.995883391629","-87.692271984881","POINT (-87.692271984881 41.995883391629)"
"6258 N ARTESIAN AVE","2026-04-30T10:57:26.000","2026-05-09T15:51:53.000","15","41.995764000941","-87.691293000002","POINT (-87.691293000002 41.995764000941)"
"6259 N CAMPBELL AVE","2026-04-30T13:46:52.000","2026-05-09T15:51:14.000","10","41.995746000941","-87.691963500002","POINT (-87.691963500002 41.995746000941)"
"6258 N MAPLEWOOD AVE","2026-04-12T17:18:50.000","2026-05-09T15:49:54.000","12","41.995728000941","-87.693799500002","POINT (-87.693799500002 41.995728000941)"
"6221 N WASHTENAW AVE","2026-04-13T21:14:37.000","2026-05-09T15:48:25.000","11","41.994702000941","-87.696819000002","POINT (-87.696819000002 41.994702000941)"
"6301 N ARTESIAN AVE","2026-04-30T13:48:50.000","2026-05-09T15:47:45.000","7","41.996052000941","-87.690721500002","POINT (-87.690721500002 41.996052000941)"
"6000 N TALMAN AVE","2026-03-27T11:53:55.000","2026-05-09T15:44:17.000","13","41.990528101757","-87.695835662212","POINT (-87.695835662212 41.990528101757)"
"6132 N CAMPBELL AVE","2026-05-02T23:32:08.000","2026-05-09T15:43:38.000","7","41.993253933176","-87.692267820241","POINT (-87.692267820241 41.993253933176)"
"6027 N ARTESIAN AVE","2026-04-08T13:45:59.000","2026-05-09T15:42:20.000","3","41.991264000941","-87.690618000002","POINT (-87.690618000002 41.991264000941)"
"6025 N MAPLEWOOD AVE","2026-04-08T13:38:31.000","2026-05-09T15:41:40.000","10","41.991237000941","-87.693043500002","POINT (-87.693043500002 41.991237000941)"
"432 W FULLERTON PKWY","2026-03-05T19:34:52.000","2026-05-09T15:37:04.000","3","41.925646917825","-87.640562318625","POINT (-87.640562318625 41.925646917825)"
"2747 N ORCHARD ST","2026-03-10T12:30:02.000","2026-05-09T15:36:28.000","19","41.932156998131","-87.646490899712","POINT (-87.646490899712 41.932156998131)"
"518 W ARLINGTON PL","2026-03-17T18:33:12.000","2026-05-09T15:35:52.000","3","41.926849211443","-87.642064776366","POINT (-87.642064776366 41.926849211443)"
"2400 N LAKEVIEW AVE","2026-04-22T16:50:12.000","2026-05-09T15:35:10.000","14","41.925987000941","-87.639556500002","POINT (-87.639556500002 41.925987000941)"
"419 W ROSLYN PL","2026-02-19T12:46:16.000","2026-05-09T15:34:35.000","5","41.927724000941","-87.639808500002","POINT (-87.639808500002 41.927724000941)"
"400 W DEMING PL","2026-03-10T12:18:54.000","2026-05-09T15:32:56.000","4","41.929893000941","-87.639691500002","POINT (-87.639691500002 41.929893000941)"
"2600 N HAMPDEN CT","2026-03-10T12:19:42.000","2026-05-09T15:32:08.000","7","41.929515000941","-87.640798500002","POINT (-87.640798500002 41.929515000941)"
"2626 N LAKEVIEW AVE","2026-04-07T16:18:38.000","2026-05-09T15:30:36.000","12","41.930352000941","-87.639826500002","POINT (-87.639826500002 41.930352000941)"
"2557 N HALSTED ST","2026-04-03T19:12:24.000","2026-05-09T15:29:05.000","9","41.928966000941","-87.648669000002","POINT (-87.648669000002 41.928966000941)"
"2750 N LAKEVIEW AVE","2026-04-22T10:29:37.000","2026-05-09T15:26:56.000","11","41.932332000941","-87.640047000002","POINT (-87.640047000002 41.932332000941)"
"2715 N HAMPDEN CT","2026-03-10T12:20:40.000","2026-05-09T15:26:09.000","10","41.931189000941","-87.641428500002","POINT (-87.641428500002 41.931189000941)"
"2726 S PRINCETON AVE","2026-04-10T10:34:00.000","2026-05-09T15:25:29.000","10","41.84321400094","-87.634516500002","POINT (-87.634516500002 41.84321400094)"
"6800 W WELLINGTON AVE","2026-05-09T15:24:10.000","2026-05-09T15:25:02.000","2","41.934590931038","-87.795666292588","POINT (-87.795666292588 41.934590931038)"
"3041 S SHIELDS AVE","2026-04-16T12:06:38.000","2026-05-09T15:24:45.000","9","41.83842600094","-87.635007000002","POINT (-87.635007000002 41.83842600094)"
"2909 S WELLS ST","2026-04-16T16:24:52.000","2026-05-09T15:24:02.000","13","41.84083800094","-87.632676000002","POINT (-87.632676000002 41.84083800094)"
"757 W DIVERSEY AVE","2026-04-05T19:16:42.000","2026-05-09T15:23:47.000","1","41.932575000941","-87.648597000002","POINT (-87.648597000002 41.932575000941)"
"6900 W WELLINGTON AVE","2026-05-09T15:22:44.000","2026-05-09T15:23:33.000","25","41.934557161447","-87.798116016061","POINT (-87.798116016061 41.934557161447)"
"700 W SCHUBERT AVE","2026-05-02T10:53:41.000","2026-05-09T15:22:57.000","12","41.931828000941","-87.646707000002","POINT (-87.646707000002 41.931828000941)"
"2706 S WELLS ST","2026-04-16T16:26:28.000","2026-05-09T15:22:41.000","11","41.84379000094","-87.633274500002","POINT (-87.633274500002 41.84379000094)"
"2709 S STEWART AVE","2026-04-24T07:18:58.000","2026-05-09T15:21:37.000","42","41.843712296639","-87.63644208953","POINT (-87.63644208953 41.843712296639)"
"7000 W WELLINGTON AVE","2026-05-09T15:20:44.000","2026-05-09T15:21:36.000","19","41.934513296639","-87.801183519687","POINT (-87.801183519687 41.934513296639)"
"320 W 27TH ST","2026-04-24T10:06:15.000","2026-05-09T15:20:45.000","20","41.84422200094","-87.635133000002","POINT (-87.635133000002 41.84422200094)"
"336 W 29TH PL","2026-04-24T10:16:12.000","2026-05-09T15:19:42.000","18","41.84055000094","-87.635641500002","POINT (-87.635641500002 41.84055000094)"
"7100 W WELLINGTON AVE","2026-05-09T15:18:25.000","2026-05-09T15:19:22.000","23","41.934475087589","-87.803944878829","POINT (-87.803944878829 41.934475087589)"
"344 W 29TH ST","2026-05-01T10:49:31.000","2026-05-09T15:18:30.000","26","41.84131500094","-87.635929500002","POINT (-87.635929500002 41.84131500094)"
"2900 S SHIELDS AVE","2026-05-08T07:08:31.000","2026-05-09T15:17:45.000","15","41.84099100094","-87.635569500002","POINT (-87.635569500002 41.84099100094)"
"2721 S HALSTED ST","2026-05-01T10:00:44.000","2026-05-09T15:15:57.000","12","41.84377200094","-87.646045500002","POINT (-87.646045500002 41.84377200094)"
"700 W 43RD ST","2026-03-23T12:56:55.000","2026-05-09T15:14:29.000","11","41.81655600094","-87.643642500002","POINT (-87.643642500002 41.81655600094)"
"538 W ROOT ST","2026-04-02T19:35:30.000","2026-05-09T15:13:36.000","7","41.81920200094","-87.640096500002","POINT (-87.640096500002 41.81920200094)"
"4700 N LONG AVE","2026-05-09T15:11:25.000","2026-05-09T15:13:10.000","67","41.965625471597","-87.76258815114","POINT (-87.76258815114 41.965625471597)"
"855 W CARMEN AVE","2026-04-16T11:31:39.000","2026-05-09T15:11:51.000","14","41.974286705242","-87.65236051113","POINT (-87.65236051113 41.974286705242)"
"911 W AINSLIE ST","2026-03-04T13:11:01.000","2026-05-09T15:10:37.000","2","41.971401000941","-87.653029500002","POINT (-87.653029500002 41.971401000941)"
"837 W AINSLIE ST","2026-03-04T13:10:09.000","2026-05-09T15:09:24.000","3","41.971419000941","-87.651711000002","POINT (-87.651711000002 41.971419000941)"
"948 W CASTLEWOOD TER","2026-04-26T22:27:27.000","2026-05-09T15:08:50.000","7","41.971041000941","-87.654636000002","POINT (-87.654636000002 41.971041000941)"
"3559 N BELMONT HARBOR DR","2026-05-07T06:50:02.000","2026-05-09T15:08:13.000","11","41.948667397253","-87.642418288568","POINT (-87.642418288568 41.948667397253)"
"3007 S LAWNDALE AVE","2026-03-12T06:59:13.000","2026-05-09T15:07:57.000","8","41.83859700094","-87.716826000002","POINT (-87.716826000002 41.83859700094)"
"5510 W EDDY ST","2026-04-15T11:18:17.000","2026-05-09T15:07:55.000","10","41.945211000941","-87.764800500002","POINT (-87.764800500002 41.945211000941)"
"727 W WAVELAND AVE","2026-05-02T11:52:35.000","2026-05-09T15:07:28.000","13","41.949189000941","-87.647607000002","POINT (-87.647607000002 41.949189000941)"
"2811 S LAWNDALE AVE","2026-03-13T11:03:20.000","2026-05-09T15:06:45.000","2","41.84033400094","-87.716826000002","POINT (-87.716826000002 41.84033400094)"
"3449 N LINDER AVE","2026-03-18T15:43:30.000","2026-05-09T15:06:09.000","15","41.943746310846","-87.764152156079","POINT (-87.764152156079 41.943746310846)"
"2600 S MILLARD AVE","2026-03-27T11:19:14.000","2026-05-09T15:06:03.000","17","41.844316300571","-87.716090978186","POINT (-87.716090978186 41.844316300571)"
"3901 N SHERIDAN RD","2026-04-21T12:10:37.000","2026-05-09T15:05:55.000","7","41.952682280651","-87.654496366917","POINT (-87.654496366917 41.952682280651)"
"3533 N CENTRAL AVE","2026-03-27T18:06:35.000","2026-05-09T15:05:27.000","24","41.945112000941","-87.766384500002","POINT (-87.766384500002 41.945112000941)"
"3516 N LINDER AVE","2026-03-28T21:04:24.000","2026-05-09T15:04:40.000","18","41.944797000941","-87.764445000002","POINT (-87.764445000002 41.944797000941)"
"911 W MARGATE TER","2026-05-04T15:28:49.000","2026-05-09T15:04:29.000","16","41.972274000941","-87.653038500002","POINT (-87.653038500002 41.972274000941)"
"2701 S LAWNDALE AVE","2026-04-09T16:54:07.000","2026-05-09T15:03:48.000","9","41.84241300094","-87.716839500002","POINT (-87.716839500002 41.84241300094)"
"4920 N MARINE DR","2026-05-04T16:31:52.000","2026-05-09T15:03:20.000","2","41.972670000941","-87.651873000002","POINT (-87.651873000002 41.972670000941)"
"2717 W 35TH ST","2026-05-04T13:42:22.000","2026-05-09T15:03:12.000","3","41.82992100094","-87.693079500002","POINT (-87.693079500002 41.82992100094)"
"3000 S MILLARD AVE","2026-04-22T11:17:45.000","2026-05-09T15:02:02.000","2","41.83874100094","-87.716209500002","POINT (-87.716209500002 41.83874100094)"
"4950 N SHERIDAN RD","2026-05-04T15:24:58.000","2026-05-09T15:01:47.000","3","41.973066000941","-87.655194000002","POINT (-87.655194000002 41.973066000941)"
"939 W WINONA ST","2026-04-08T10:51:20.000","2026-05-09T15:01:10.000","13","41.975055000941","-87.654091500002","POINT (-87.654091500002 41.975055000941)"
"4821 N SHERIDAN RD","2026-03-04T13:16:56.000","2026-05-09T15:00:16.000","3","41.969763000941","-87.654456000002","POINT (-87.654456000002 41.969763000941)"
"3900 N TRIPP AVE","2026-04-08T17:43:53.000","2026-05-09T15:00:11.000","55","41.951829296639","-87.733998540607","POINT (-87.733998540607 41.951829296639)"
"4880 N MARINE DR","2026-05-04T15:26:57.000","2026-05-09T14:59:36.000","4","41.971383000941","-87.650995500002","POINT (-87.650995500002 41.971383000941)"
"3059 S AVERS AVE","2026-04-28T18:45:53.000","2026-05-09T14:59:07.000","1","41.83707600094","-87.720435000002","POINT (-87.720435000002 41.83707600094)"
"2817 S SPRINGFIELD AVE","2026-05-02T12:13:32.000","2026-05-09T14:58:10.000","15","41.84005500094","-87.721753500002","POINT (-87.721753500002 41.84005500094)"
"2731 S SPRINGFIELD AVE","2026-05-02T12:13:02.000","2026-05-09T14:57:03.000","3","41.84151300094","-87.721762500002","POINT (-87.721762500002 41.84151300094)"
"3914 W 31ST ST","2026-05-07T13:48:28.000","2026-05-09T14:55:47.000","3","41.836980296639","-87.722614031363","POINT (-87.722614031363 41.836980296639)"
"1926 W ADDISON ST","2026-04-28T20:04:06.000","2026-05-09T14:55:30.000","43","41.947119000941","-87.677239500002","POINT (-87.677239500002 41.947119000941)"
"3101 S RIDGEWAY AVE","2026-05-07T13:47:09.000","2026-05-09T14:55:06.000","1","41.836998640724","-87.718253438697","POINT (-87.718253438697 41.836998640724)"
"3814 W 31ST ST","2026-05-08T08:45:47.000","2026-05-09T14:54:13.000","6","41.83708500094","-87.720192000002","POINT (-87.720192000002 41.83708500094)"
"3723 N PAULINA ST","2026-04-28T13:56:59.000","2026-05-09T14:54:06.000","20","41.949504000941","-87.671101500002","POINT (-87.671101500002 41.949504000941)"
"1641 W GRACE ST","2026-04-30T15:42:36.000","2026-05-09T14:53:17.000","42","41.950413000941","-87.670647000002","POINT (-87.670647000002 41.950413000941)"
"3700 N HERMITAGE AVE","2026-05-03T12:38:14.000","2026-05-09T14:52:42.000","27","41.948892000941","-87.672744000002","POINT (-87.672744000002 41.948892000941)"
"3709 N DAMEN AVE","2026-03-23T18:58:21.000","2026-05-09T14:52:04.000","9","41.949063000941","-87.678346500002","POINT (-87.678346500002 41.949063000941)"
"2537 W 43RD ST","2026-05-02T10:06:20.000","2026-05-09T14:51:09.000","20","41.81544900094","-87.688588500002","POINT (-87.688588500002 41.81544900094)"
"1755 W IRVING PARK RD","2026-04-14T18:42:11.000","2026-05-09T14:49:04.000","40","41.953932000941","-87.673594500002","POINT (-87.673594500002 41.953932000941)"
"4607 S CALIFORNIA AVE","2026-05-03T07:57:25.000","2026-05-09T14:48:18.000","12","41.80982400094","-87.694033500002","POINT (-87.694033500002 41.80982400094)"
"4210 W 57TH ST","2026-03-08T16:00:34.000","2026-05-09T14:37:03.000","22","41.789586296639","-87.72848617765","POINT (-87.72848617765 41.789586296639)"
"4300 W 59TH ST","2026-03-12T09:05:25.000","2026-05-09T14:35:40.000","6","41.78607300094","-87.730483500002","POINT (-87.730483500002 41.78607300094)"
"12434 S MICHIGAN AVE","2026-05-07T14:13:46.000","2026-05-09T14:34:56.000","7","41.66801100094","-87.620350500002","POINT (-87.620350500002 41.66801100094)"
"4222 W 59TH ST","2026-05-04T08:23:05.000","2026-05-09T14:34:48.000","11","41.785941296639","-87.728913435934","POINT (-87.728913435934 41.785941296639)"
"4110 W 59TH ST","2026-05-06T12:37:50.000","2026-05-09T14:33:21.000","11","41.78610900094","-87.725929500002","POINT (-87.725929500002 41.78610900094)"
"12533 S LOWE AVE","2026-05-08T10:03:28.000","2026-05-09T14:29:41.000","4","41.66600400094","-87.637635000002","POINT (-87.637635000002 41.66600400094)"
"10745 S WENTWORTH AVE","2026-05-05T19:28:47.000","2026-05-09T14:28:52.000","1","41.69845800094","-87.627775500002","POINT (-87.627775500002 41.69845800094)"
"7358 S BISHOP ST","2026-05-08T09:55:40.000","2026-05-09T14:21:43.000","2","41.759505110503","-87.660449518024","POINT (-87.660449518024 41.759505110503)"
"7618 S MAY ST","2026-05-08T09:22:09.000","2026-05-09T14:20:47.000","13","41.75535600094","-87.652926000002","POINT (-87.652926000002 41.75535600094)"
"10400 S PROSPECT AVE","2026-05-06T09:45:18.000","2026-05-09T14:11:50.000","11","41.70474000094","-87.662443500002","POINT (-87.662443500002 41.70474000094)"
"11111 S HOYNE AVE","2026-05-06T18:05:45.000","2026-05-09T14:10:59.000","14","41.69145600094","-87.673392000002","POINT (-87.673392000002 41.69145600094)"
"5800 S WASHTENAW AVE","2026-04-22T08:23:55.000","2026-05-09T14:10:48.000","10","41.788219531104","-87.691287236136","POINT (-87.691287236136 41.788219531104)"
"2100 W 104TH ST","2026-05-06T14:52:56.000","2026-05-09T14:10:01.000","32","41.704725296638","-87.674395743811","POINT (-87.674395743811 41.704725296638)"
"2700 W 57TH ST","2026-05-04T08:31:22.000","2026-05-09T14:09:56.000","27","41.790153296639","-87.691342845998","POINT (-87.691342845998 41.790153296639)"
"2700 W 56TH ST","2026-05-04T08:28:48.000","2026-05-09T14:09:01.000","30","41.791977846973","-87.691395498976","POINT (-87.691395498976 41.791977846973)"
"2605 W 57TH ST","2026-05-05T09:55:34.000","2026-05-09T14:08:11.000","25","41.790074705242","-87.68908128247","POINT (-87.68908128247 41.790074705242)"
"5554 S ROCKWELL ST","2026-04-23T17:34:44.000","2026-05-09T14:05:27.000","10","41.79219300094","-87.689160000002","POINT (-87.689160000002 41.79219300094)"
"5500 S STATE ST","2026-04-15T16:55:05.000","2026-05-09T14:04:30.000","20","41.79414600094","-87.626061000002","POINT (-87.626061000002 41.79414600094)"
"5700 S WASHTENAW AVE","2026-04-07T13:42:07.000","2026-05-09T14:04:19.000","13","41.78997000094","-87.691527000002","POINT (-87.691527000002 41.78997000094)"
"4100 W 57TH PL","2026-04-06T15:51:41.000","2026-05-09T14:04:17.000","19","41.78886300094","-87.725673000002","POINT (-87.725673000002 41.78886300094)"
"1 E 59TH ST","2026-04-22T02:22:01.000","2026-05-09T14:03:46.000","13","41.787370136987","-87.625519016181","POINT (-87.625519016181 41.787370136987)"
"5800 S TALMAN AVE","2026-04-07T13:44:22.000","2026-05-09T14:03:08.000","12","41.78816100094","-87.690505500002","POINT (-87.690505500002 41.78816100094)"
"5700 S TALMAN AVE","2026-04-15T15:38:09.000","2026-05-09T14:03:03.000","21","41.78997900094","-87.690316500002","POINT (-87.690316500002 41.78997900094)"
"99 W 57TH","2026-04-23T09:36:34.000","2026-05-09T14:03:00.000","11","41.789907383696","-87.627613018748","POINT (-87.627613018748 41.789907383696)"
"5600 S CAMPBELL AVE","2026-04-07T18:29:07.000","2026-05-09T14:01:08.000","12","41.79187800094","-87.686671500002","POINT (-87.686671500002 41.79187800094)"
"3700 W 69TH ST","2026-04-15T13:09:39.000","2026-05-09T13:59:58.000","31","41.76804600094","-87.715318500002","POINT (-87.715318500002 41.76804600094)"
"5801 S FAIRFIELD AVE","2026-04-09T14:28:08.000","2026-05-09T13:59:32.000","12","41.78813400094","-87.692143500002","POINT (-87.692143500002 41.78813400094)"
"3810 W 71ST ST","2026-04-23T14:10:04.000","2026-05-09T13:55:53.000","1","41.76437400094","-87.718018500002","POINT (-87.718018500002 41.76437400094)"
"6901 S PULASKI RD","2026-04-23T14:11:29.000","2026-05-09T13:54:49.000","1","41.76756000094","-87.722109000002","POINT (-87.722109000002 41.76756000094)"
"2846 W 55TH ST","2026-03-31T22:57:50.000","2026-05-09T13:49:51.000","3","41.79384900094","-87.695626500002","POINT (-87.695626500002 41.79384900094)"
"3020 W 53RD PL","2026-04-01T09:14:17.000","2026-05-09T13:48:25.000","2","41.79654000094","-87.699649500002","POINT (-87.699649500002 41.79654000094)"
"5352 S ALBANY AVE","2026-04-04T15:13:26.000","2026-05-09T13:47:24.000","4","41.79571200094","-87.701359500002","POINT (-87.701359500002 41.79571200094)"
"2934 W 55TH ST","2026-04-10T16:03:32.000","2026-05-09T13:44:45.000","4","41.79383100094","-87.697674000002","POINT (-87.697674000002 41.79383100094)"
"428 W 42ND ST","2026-04-04T14:43:48.000","2026-05-09T13:42:15.000","11","41.81840100094","-87.637234500002","POINT (-87.637234500002 41.81840100094)"
"520 W 42ND ST","2026-04-11T07:41:43.000","2026-05-09T13:40:33.000","18","41.81832900094","-87.639421500002","POINT (-87.639421500002 41.81832900094)"
"459 W 42ND PL","2026-04-12T18:54:48.000","2026-05-09T13:39:21.000","4","41.81696100094","-87.638278500002","POINT (-87.638278500002 41.81696100094)"
"500 W 42ND PL","2026-04-14T21:58:11.000","2026-05-09T13:38:35.000","15","41.81743800094","-87.638611500002","POINT (-87.638611500002 41.81743800094)"
"4729 S HOYNE AVE","2026-03-12T15:19:47.000","2026-05-09T13:36:27.000","60","41.80759200094","-87.676866000002","POINT (-87.676866000002 41.80759200094)"
"3000 S EMERALD AVE","2026-05-06T02:05:49.000","2026-05-09T13:33:02.000","10","41.83975800094","-87.645451500002","POINT (-87.645451500002 41.83975800094)"
"540 W 29TH ST","2026-05-06T02:07:55.000","2026-05-09T13:32:14.000","14","41.84197200094","-87.640731000002","POINT (-87.640731000002 41.84197200094)"
"2900 S CANAL ST","2026-05-06T02:09:31.000","2026-05-09T13:31:27.000","28","41.84175209874","-87.637927085253","POINT (-87.637927085253 41.84175209874)"
"2718 S LOWE AVE","2026-05-06T06:29:04.000","2026-05-09T13:30:43.000","11","41.84381700094","-87.643044000002","POINT (-87.643044000002 41.84381700094)"
"2719 S HALSTED ST","2026-05-06T13:33:31.000","2026-05-09T13:30:07.000","16","41.843740768318","-87.646343976266","POINT (-87.646343976266 41.843740768318)"
"3102 S WALLACE ST","2026-05-07T16:31:13.000","2026-05-09T13:29:23.000","14","41.838115162433","-87.641421261403","POINT (-87.641421261403 41.838115162433)"
"538 W 29TH ST","2026-05-07T16:47:22.000","2026-05-09T13:28:43.000","15","41.84196300094","-87.640623000002","POINT (-87.640623000002 41.84196300094)"
"2800 S STEWART AVE","2026-05-08T07:07:31.000","2026-05-09T13:27:56.000","23","41.8426695932","-87.636571886908","POINT (-87.636571886908 41.8426695932)"
"2912 S NORMAL AVE","2026-05-08T07:04:58.000","2026-05-09T13:27:07.000","15","41.84132400094","-87.639318000002","POINT (-87.639318000002 41.84132400094)"
"2715 S HALSTED ST","2026-05-08T07:15:39.000","2026-05-09T13:26:12.000","10","41.84389800094","-87.646072500002","POINT (-87.646072500002 41.84389800094)"
"2500 W 55TH ST","2026-04-03T10:45:23.000","2026-05-09T13:25:13.000","72","41.79404700094","-87.686617500002","POINT (-87.686617500002 41.79404700094)"
"2401 W 55TH ST","2026-05-09T13:23:31.000","2026-05-09T13:24:14.000","10","41.793822905589","-87.684117821681","POINT (-87.684117821681 41.793822905589)"
"11908 S EGGLESTON AVE","2026-05-07T14:36:35.000","2026-05-09T13:22:01.000","10","41.677616946601","-87.633553871545","POINT (-87.633553871545 41.677616946601)"
"8029 S CENTRAL PARK AVE","2026-04-03T09:16:19.000","2026-05-09T13:12:17.000","153","41.746981145121","-87.711750859769","POINT (-87.711750859769 41.746981145121)"
"1422 E 67TH PL","2026-05-09T13:10:53.000","2026-05-09T13:11:54.000","1","41.77258200094","-87.590187000002","POINT (-87.590187000002 41.77258200094)"
"3458 W 83RD ST","2026-04-05T20:01:09.000","2026-05-09T13:10:30.000","8","41.74262100094","-87.709333500002","POINT (-87.709333500002 41.74262100094)"
"3316 W 82ND ST","2026-04-08T15:50:07.000","2026-05-09T13:09:24.000","12","41.744341069361","-87.705475167048","POINT (-87.705475167048 41.744341069361)"
"800 E MARQUETTE RD","2026-04-09T14:35:17.000","2026-05-09T13:07:49.000","2","41.77512900094","-87.605428500002","POINT (-87.605428500002 41.77512900094)"
"6604 S MINERVA AVE","2026-04-20T08:19:22.000","2026-05-09T13:06:05.000","6","41.77484100094","-87.597585000002","POINT (-87.597585000002 41.77484100094)"
"853 E 64TH","2026-04-28T15:26:53.000","2026-05-09T13:05:17.000","22","41.77845000094","-87.603709500002","POINT (-87.603709500002 41.77845000094)"
"6658 S MINERVA","2026-05-04T08:39:49.000","2026-05-09T13:03:44.000","5","41.773286760045","-87.597343039046","POINT (-87.597343039046 41.773286760045)"
"600 W 72ND ST","2026-05-01T10:13:09.000","2026-05-09T12:57:30.000","75","41.763513296639","-87.640128314084","POINT (-87.640128314084 41.763513296639)"
"6959 S PERRY AVE","2026-05-07T10:05:12.000","2026-05-09T12:56:39.000","21","41.76744300094","-87.627919500002","POINT (-87.627919500002 41.76744300094)"
"9135 S PRAIRIE AVE","2026-05-07T18:57:12.000","2026-05-09T12:55:55.000","16","41.72803200094","-87.617677500002","POINT (-87.617677500002 41.72803200094)"
"6800 S COTTAGE GROVE AVE","2026-05-08T12:58:59.000","2026-05-09T12:54:10.000","13","41.77108800094","-87.606202500002","POINT (-87.606202500002 41.77108800094)"
"4039 W 57TH PL","2026-03-19T12:46:39.000","2026-05-09T12:51:01.000","28","41.78846700094","-87.724606500002","POINT (-87.724606500002 41.78846700094)"
"4159 W 58TH PL","2026-04-02T16:50:51.000","2026-05-09T12:49:12.000","10","41.78659500094","-87.727702500002","POINT (-87.727702500002 41.78659500094)"
"5400 S MOZART ST","2026-04-22T15:13:39.000","2026-05-09T12:48:29.000","8","41.79537000094","-87.695374500002","POINT (-87.695374500002 41.79537000094)"
"5400 S FRANCISCO AVE","2026-04-22T15:14:26.000","2026-05-09T12:47:43.000","7","41.79535200094","-87.696576000002","POINT (-87.696576000002 41.79535200094)"
"3058 W 54TH ST","2026-04-27T13:28:48.000","2026-05-09T12:46:01.000","18","41.79564900094","-87.701022000002","POINT (-87.701022000002 41.79564900094)"
"5359 S MOZART ST","2026-04-29T08:30:14.000","2026-05-09T12:44:59.000","12","41.79563100094","-87.694807500002","POINT (-87.694807500002 41.79563100094)"
"7130 W 61ST ST","2026-05-09T12:44:06.000","2026-05-09T12:44:58.000","9","41.78104347653","-87.799864898226","POINT (-87.799864898226 41.78104347653)"
"6000 S NOTTINGHAM AVE","2026-05-09T12:39:49.000","2026-05-09T12:40:39.000","6","41.782782610306","-87.798732421158","POINT (-87.798732421158 41.782782610306)"
"3044 W 55TH ST","2026-04-30T09:09:18.000","2026-05-09T12:36:47.000","20","41.79376800094","-87.700428000002","POINT (-87.700428000002 41.79376800094)"
"7030 W 60TH ST","2026-05-08T13:37:43.000","2026-05-09T12:33:42.000","13","41.78337300094","-87.797821500002","POINT (-87.797821500002 41.78337300094)"
"2848 W 55TH ST","2026-05-07T08:37:45.000","2026-05-09T12:32:55.000","20","41.79387600094","-87.695739000002","POINT (-87.695739000002 41.79387600094)"
"6832 S LAWNDALE AVE","2026-04-16T09:04:25.000","2026-05-09T12:29:37.000","16","41.768708705241","-87.715237820442","POINT (-87.715237820442 41.768708705241)"
"4200 S UNION AVE","2026-04-19T17:42:13.000","2026-05-09T12:23:39.000","28","41.81748300094","-87.643593000002","POINT (-87.643593000002 41.81748300094)"
"700 W ROOT ST","2026-05-03T05:06:06.000","2026-05-09T12:20:11.000","2","41.81921100094","-87.643705500002","POINT (-87.643705500002 41.81921100094)"
"3015 W 65TH ST","2026-05-05T09:40:51.000","2026-05-09T12:17:19.000","10","41.775335661085","-87.698866447361","POINT (-87.698866447361 41.775335661085)"
"1400 W 51ST ST","2026-05-09T12:15:59.000","2026-05-09T12:16:33.000","7","41.80165200094016","-87.66009450000193","POINT (-87.660094500002 41.80165200094)"
"4400 N LONG AVE","2026-05-09T12:14:53.000","2026-05-09T12:15:42.000","30","41.960602950117","-87.762399820428","POINT (-87.762399820428 41.960602950117)"
"6600 S RICHMOND ST","2026-04-05T12:59:51.000","2026-05-09T12:14:33.000","13","41.773540200018","-87.696992753444","POINT (-87.696992753444 41.773540200018)"
"1404 W 51ST ST","2026-05-09T12:13:50.000","2026-05-09T12:14:29.000","12","41.80165200094","-87.660180000002","POINT (-87.660180000002 41.80165200094)"
"6500 S RICHMOND ST","2026-04-05T12:58:59.000","2026-05-09T12:13:26.000","15","41.775366797022","-87.69703718146","POINT (-87.69703718146 41.775366797022)"
"1430 W 50TH ST","2026-04-08T21:18:49.000","2026-05-09T12:12:17.000","10","41.80339800094","-87.661242000002","POINT (-87.661242000002 41.80339800094)"
"6601 S WHIPPLE ST","2026-04-26T12:59:54.000","2026-05-09T12:12:08.000","12","41.77341900094","-87.699060000002","POINT (-87.699060000002 41.77341900094)"
"2903 W 65TH ST","2026-05-05T09:37:53.000","2026-05-09T12:11:14.000","15","41.77530000094","-87.696054000002","POINT (-87.696054000002 41.77530000094)"
"3638 S WESTERN AVE","2026-04-30T14:29:14.000","2026-05-09T12:09:00.000","14","41.82727861976","-87.685023796441","POINT (-87.685023796441 41.82727861976)"
"4904 S LAFLIN ST","2026-04-29T18:02:22.000","2026-05-09T12:08:42.000","10","41.80477500094","-87.662799000002","POINT (-87.662799000002 41.80477500094)"
"2642 W PERSHING RD","2026-05-03T02:23:29.000","2026-05-09T12:08:21.000","1","41.822913296639","-87.691512725535","POINT (-87.691512725535 41.822913296639)"
"1200 W 51ST ST","2026-04-30T08:06:39.000","2026-05-09T12:07:45.000","20","41.80171500094","-87.655288500002","POINT (-87.655288500002 41.80171500094)"
"4300 N LONG AVE","2026-05-09T12:06:53.000","2026-05-09T12:07:43.000","67","41.958776363044","-87.762340784337","POINT (-87.762340784337 41.958776363044)"
"6501 S WHIPPLE ST","2026-04-19T21:42:46.000","2026-05-09T12:07:16.000","17","41.77526400094","-87.699118500002","POINT (-87.699118500002 41.77526400094)"
"1470 W 50TH","2026-05-01T11:23:44.000","2026-05-09T12:06:54.000","69","41.803239296639","-87.661887094513","POINT (-87.661887094513 41.803239296639)"
"4100 N LONG AVE","2026-05-09T12:04:11.000","2026-05-09T12:05:11.000","6","41.955480000941","-87.763711500002","POINT (-87.763711500002 41.955480000941)"
"1100 W 103RD PL","2026-05-07T07:41:08.000","2026-05-09T12:05:01.000","58","41.70615300094","-87.650293500002","POINT (-87.650293500002 41.70615300094)"
"6500 S SACRAMENTO AVE","2026-04-07T09:45:06.000","2026-05-09T12:04:19.000","10","41.77527300094","-87.698439000002","POINT (-87.698439000002 41.77527300094)"
"9820 S EMERALD AVE","2026-05-06T16:47:39.000","2026-05-09T12:04:12.000","15","41.71530600094","-87.642126000002","POINT (-87.642126000002 41.71530600094)"
"9400 S MAY ST","2026-05-04T21:46:46.000","2026-05-09T12:03:20.000","2","41.72305500094","-87.652062000002","POINT (-87.652062000002 41.72305500094)"
"4000 N LONG AVE","2026-05-09T12:02:10.000","2026-05-09T12:03:11.000","6","41.953304164562","-87.762161035134","POINT (-87.762161035134 41.953304164562)"
"2816 W 65TH ST","2026-05-05T09:35:39.000","2026-05-09T12:02:47.000","17","41.775522886105","-87.693993997541","POINT (-87.693993997541 41.775522886105)"
"3900 N LONG AVE","2026-05-09T11:58:40.000","2026-05-09T11:59:28.000","4","41.951531362937","-87.762102275577","POINT (-87.762102275577 41.951531362937)"
"5523 W ADDISON ST","2026-04-23T18:06:10.000","2026-05-09T11:56:31.000","2","41.945679000941","-87.765282000002","POINT (-87.765282000002 41.945679000941)"
"3301 N CENTRAL AVE","2026-04-30T16:02:11.000","2026-05-09T11:55:47.000","16","41.940409168955","-87.766569827625","POINT (-87.766569827625 41.940409168955)"
"6350 S WHIPPLE ST","2026-05-05T09:30:23.000","2026-05-09T11:52:42.000","18","41.777499525978","-87.699524948441","POINT (-87.699524948441 41.777499525978)"
"1334 W 51ST ST","2026-05-07T12:34:15.000","2026-05-09T11:45:57.000","8","41.80167000094","-87.658879500002","POINT (-87.658879500002 41.80167000094)"
"4669 S ARCHER AVE","2026-05-05T10:49:58.000","2026-05-09T11:43:07.000","25","41.80815000094","-87.713626500002","POINT (-87.713626500002 41.80815000094)"
"3249 N OLCOTT AVE","2026-03-30T15:51:45.000","2026-05-09T11:33:41.000","70","41.939388000941","-87.813846000002","POINT (-87.813846000002 41.939388000941)"
"5800 S KARLOV AVE","2026-03-17T09:23:27.000","2026-05-09T11:22:56.000","30","41.787680705242","-87.725538343171","POINT (-87.725538343171 41.787680705242)"
"5700 S KARLOV AVE","2026-03-17T09:21:52.000","2026-05-09T11:22:05.000","26","41.789498705242","-87.72559234535","POINT (-87.72559234535 41.789498705242)"
"5800 S KEELER AVE","2026-03-28T12:51:34.000","2026-05-09T11:20:49.000","45","41.78756700094","-87.728184000002","POINT (-87.728184000002 41.78756700094)"
"5646 S KARLOV AVE","2026-04-06T15:50:21.000","2026-05-09T11:19:43.000","16","41.79001500094","-87.725929500002","POINT (-87.725929500002 41.79001500094)"
"5524 S TRIPP AVE","2026-04-12T09:12:47.000","2026-05-09T11:18:59.000","35","41.79236400094","-87.729525000002","POINT (-87.729525000002 41.79236400094)"
"5700 S TRIPP AVE","2026-04-22T09:54:59.000","2026-05-09T11:18:13.000","11","41.78937600094","-87.729462000002","POINT (-87.729462000002 41.78937600094)"
"5538 S KILDARE AVE","2026-05-08T08:13:05.000","2026-05-09T11:17:25.000","25","41.79194100094","-87.730749000002","POINT (-87.730749000002 41.79194100094)"
"3855 W 70TH PL","2026-04-16T19:29:29.000","2026-05-09T11:16:16.000","1","41.76485100094","-87.719674500002","POINT (-87.719674500002 41.76485100094)"
"6900 S LAWNDALE AVE","2026-05-02T10:08:00.000","2026-05-09T11:14:35.000","16","41.767790705241","-87.715215319343","POINT (-87.715215319343 41.767790705241)"
"3924 W 70TH PL","2026-05-02T14:07:52.000","2026-05-09T11:13:47.000","4","41.765088296639","-87.720999653603","POINT (-87.720999653603 41.765088296639)"
"3800 N PITTSBURGH","2026-03-30T09:31:12.000","2026-05-09T11:08:53.000","12","41.948559176428","-87.832975514968","POINT (-87.832975514968 41.948559176428)"
"3901 N PIONEER","2026-03-30T08:05:51.000","2026-05-09T11:08:12.000","1","41.950521000941","-87.831499500002","POINT (-87.831499500002 41.950521000941)"
"3852 N PAGE AVE","2026-03-28T23:45:04.000","2026-05-09T11:07:31.000","19","41.950152000941","-87.828511500002","POINT (-87.828511500002 41.950152000941)"
"8200 S WHIPPLE ST","2026-03-19T16:08:57.000","2026-05-09T11:06:27.000","1","41.74425000094","-87.698884500002","POINT (-87.698884500002 41.74425000094)"
"8200 S RICHMOND ST","2026-03-26T13:29:51.000","2026-05-09T11:05:41.000","1","41.74417800094","-87.696351000002","POINT (-87.696351000002 41.74417800094)"
"8133 S SACRAMENTO AVE","2026-04-16T14:09:01.000","2026-05-09T11:05:01.000","8","41.74527600094","-87.697093500002","POINT (-87.697093500002 41.74527600094)"
"8035 S SACRAMENTO AVE","2026-05-03T12:08:08.000","2026-05-09T11:02:57.000","6","41.74699500094","-87.697152000002","POINT (-87.697152000002 41.74699500094)"
"3100 W 82ND ST","2026-05-04T14:28:22.000","2026-05-09T11:02:13.000","5","41.744431417351","-87.69988622995","POINT (-87.69988622995 41.744431417351)"
"8241 S TALMAN AVE","2026-03-10T23:11:37.000","2026-05-09T10:57:00.000","7","41.74334100094","-87.688557000002","POINT (-87.688557000002 41.74334100094)"
"2434 W 81ST ST","2026-03-19T13:14:28.000","2026-05-09T10:55:51.000","42","41.74660800094","-87.684363000002","POINT (-87.684363000002 41.74660800094)"
"8120 S ARTESIAN AVE","2026-04-12T21:01:11.000","2026-05-09T10:50:37.000","4","41.745808400809","-87.684106831664","POINT (-87.684106831664 41.745808400809)"
"2823 S MICHIGAN AVE","2026-05-09T09:32:50.000","2026-05-09T09:33:48.000","3","41.842715714057","-87.622404553387","POINT (-87.622404553387 41.842715714057)"
"30 E 28TH ST","2026-05-09T09:29:08.000","2026-05-09T09:30:16.000","1","41.843422607673","-87.625596299599","POINT (-87.625596299599 41.843422607673)"
"2800 S WABASH AVE","2026-05-09T09:26:19.000","2026-05-09T09:27:52.000","6","41.843308823006","-87.625353707166","POINT (-87.625353707166 41.843308823006)"
"2600 S WABASH AVE","2026-05-09T09:24:20.000","2026-05-09T09:25:42.000","5","41.845558024133","-87.625406587714","POINT (-87.625406587714 41.845558024133)"
"2500 S WABASH AVE","2026-05-09T09:22:38.000","2026-05-09T09:23:42.000","8","41.847133743565","-87.625448101533","POINT (-87.625448101533 41.847133743565)"
"3100 S INDIANA AVE","2026-05-09T09:20:47.000","2026-05-09T09:21:53.000","17","41.838317432305","-87.622010397808","POINT (-87.622010397808 41.838317432305)"
"3100 S LAKE SHORE LOCAL DR","2026-05-09T09:17:52.000","2026-05-09T09:18:58.000","1","41.838500584852","-87.608720101491","POINT (-87.608720101491 41.838500584852)"
"1936 S MICHIGAN AVE","2026-04-30T17:04:41.000","2026-05-09T08:54:08.000","1","41.85564300094","-87.624378000002","POINT (-87.624378000002 41.85564300094)"
"2300 W 69TH ST","2026-05-01T11:26:58.000","2026-05-09T08:49:26.000","68","41.76857700094","-87.680983500002","POINT (-87.680983500002 41.76857700094)"
"2456 W 69TH ST","2026-03-22T09:21:09.000","2026-05-09T08:48:16.000","33","41.76846000094","-87.685605000002","POINT (-87.685605000002 41.76846000094)"
"6811 S MAPLEWOOD AVE","2026-04-02T17:04:15.000","2026-05-09T08:47:30.000","40","41.76969300094","-87.686784000002","POINT (-87.686784000002 41.76969300094)"
"1300 S WABASH AVE","2026-05-04T09:00:29.000","2026-05-09T08:46:06.000","4","41.86559700094","-87.626245500002","POINT (-87.626245500002 41.86559700094)"
"6835 S ROCKWELL ST","2026-04-06T13:46:01.000","2026-05-09T08:44:39.000","18","41.76905400094","-87.688021500002","POINT (-87.688021500002 41.76905400094)"
"6800 S BELL AVE","2026-04-07T10:01:34.000","2026-05-09T08:43:55.000","25","41.77008000094","-87.679903500002","POINT (-87.679903500002 41.77008000094)"
"2500 W 69TH ST","2026-04-08T13:47:50.000","2026-05-09T08:43:01.000","21","41.76845100094","-87.685983000002","POINT (-87.685983000002 41.76845100094)"
"2456 W LITHUANIAN PLAZA CT","2026-04-09T10:23:36.000","2026-05-09T08:42:16.000","8","41.768364296639","-87.685630638814","POINT (-87.685630638814 41.768364296639)"
"6900 S ARTESIAN AVE","2026-04-10T07:41:58.000","2026-05-09T08:40:22.000","27","41.76816300094","-87.684732000002","POINT (-87.684732000002 41.76816300094)"
"6100 N NORTHCOTT AVE","2026-03-30T13:07:29.000","2026-05-08T15:11:05.000","47","41.992288501063","-87.803833602063","POINT (-87.803833602063 41.992288501063)"
"6404 S ABERDEEN","2026-04-23T09:54:39.000","2026-05-08T15:06:29.000","7","41.77756800094","-87.652269000002","POINT (-87.652269000002 41.77756800094)"
"5901 S RACINE AVE","2026-04-19T08:48:06.000","2026-05-08T15:05:48.000","13","41.786893786355","-87.65469017278","POINT (-87.65469017278 41.786893786355)"
"1333 W 59TH ST","2026-05-03T18:40:46.000","2026-05-08T15:04:59.000","8","41.786839887053","-87.658333377704","POINT (-87.658333377704 41.786839887053)"
"1509 W 59TH ST","2026-05-06T07:52:00.000","2026-05-08T15:04:18.000","15","41.78658600094","-87.662457000002","POINT (-87.662457000002 41.78658600094)"
"7035 W IMLAY ST","2026-04-02T10:54:17.000","2026-05-08T15:03:19.000","10","41.996547000941","-87.803919000002","POINT (-87.803919000002 41.996547000941)"
"928 W 54TH ST","2026-03-30T15:24:17.000","2026-05-08T15:03:15.000","8","41.79618900094","-87.648867000002","POINT (-87.648867000002 41.79618900094)"
"0 W GARFIELD BLVD","2026-04-06T15:29:58.000","2026-05-08T15:01:43.000","10","41.793905265514","-87.651839532606","POINT (-87.651839532606 41.793905265514)"
"6154 N AVONDALE AVE","2026-04-08T23:49:02.000","2026-05-08T15:00:09.000","11","41.993388000941","-87.803104500002","POINT (-87.803104500002 41.993388000941)"
"5857 N NAPOLEON AVE","2026-03-24T10:53:03.000","2026-05-08T14:58:02.000","19","41.988087000941","-87.787876500002","POINT (-87.787876500002 41.988087000941)"
"5655 N NEWCASTLE AVE","2026-03-27T11:19:57.000","2026-05-08T14:57:04.000","23","41.984541000941","-87.797214000002","POINT (-87.797214000002 41.984541000941)"
"5701 N NORTHCOTT AVE","2026-04-08T13:42:36.000","2026-05-08T14:56:23.000","4","41.985275726479","-87.790279547369","POINT (-87.790279547369 41.985275726479)"
"5622 N NEWARK AVE","2026-04-08T17:57:16.000","2026-05-08T14:55:31.000","12","41.983587000941","-87.795990000002","POINT (-87.795990000002 41.983587000941)"
"5700 N NATOMA AVE","2026-04-10T09:35:55.000","2026-05-08T14:53:52.000","37","41.985225000941","-87.794163000002","POINT (-87.794163000002 41.985225000941)"
"6559 N TALMAN AVE","2026-04-13T20:45:10.000","2026-05-08T14:53:23.000","3","42.001146000941","-87.695806500002","POINT (-87.695806500002 42.001146000941)"
"5800 N NATOMA AVE","2026-04-10T09:36:28.000","2026-05-08T14:53:12.000","45","41.986674000941","-87.794653500002","POINT (-87.794653500002 41.986674000941)"
"6501 N KEDZIE AVE","2026-04-30T11:27:08.000","2026-05-08T14:52:43.000","1","41.999220516656","-87.709368158369","POINT (-87.709368158369 41.999220516656)"
"5681 N NORTHCOTT AVE","2026-04-17T11:50:10.000","2026-05-08T14:52:31.000","4","41.985351000941","-87.789924000002","POINT (-87.789924000002 41.985351000941)"
"2650 W ALBION AVE","2026-04-27T09:45:22.000","2026-05-08T14:52:05.000","17","42.001452000941","-87.696918000002","POINT (-87.696918000002 42.001452000941)"
"5929 N NORTHWEST HWY","2026-04-22T14:38:43.000","2026-05-08T14:51:49.000","2","41.988996000941","-87.792174000002","POINT (-87.792174000002 41.988996000941)"
"3151 W ARTHUR AVE","2026-03-31T18:09:14.000","2026-05-08T14:51:28.000","4","41.999076000941","-87.709036500002","POINT (-87.709036500002 41.999076000941)"
"6064 N NEVA","2026-03-20T09:56:11.000","2026-05-08T14:49:21.000","22","41.991921000941","-87.805944000002","POINT (-87.805944000002 41.991921000941)"
"6094 N LINCOLN AVE","2026-05-06T14:45:23.000","2026-05-08T14:48:50.000","7","41.992515000941","-87.711192000002","POINT (-87.711192000002 41.992515000941)"
"6075 N LINCOLN AVE","2026-05-05T07:03:43.000","2026-05-08T14:48:13.000","19","41.992970497942","-87.711569973807","POINT (-87.711569973807 41.992970497942)"
"6100 N LINCOLN AVE","2026-05-05T18:10:08.000","2026-05-08T14:47:39.000","30","41.992821000941","-87.711898500002","POINT (-87.711898500002 41.992821000941)"
"3535 W DEVON AVE","2026-05-05T18:19:45.000","2026-05-08T14:46:59.000","22","41.996997000941","-87.717577500002","POINT (-87.717577500002 41.996997000941)"
"7029 W IMLAY","2026-03-19T11:43:12.000","2026-05-08T14:46:58.000","10","41.996610000941","-87.803797500002","POINT (-87.803797500002 41.996610000941)"
"6261 N LINCOLN AVE","2026-05-05T06:29:56.000","2026-05-08T14:46:19.000","42","41.995908000941","-87.715858500002","POINT (-87.715858500002 41.995908000941)"
"7001 N RIDGE AVE","2026-05-06T05:06:04.000","2026-05-08T14:44:47.000","4","42.009066000941","-87.681595500002","POINT (-87.681595500002 42.009066000941)"
"7001 N DAMEN AVE","2026-05-05T16:04:13.000","2026-05-08T14:44:11.000","1","42.008944910013","-87.680071624517","POINT (-87.680071624517 42.008944910013)"
"1784 W ESTES AVE","2026-05-05T16:03:14.000","2026-05-08T14:43:28.000","28","42.011454296639","-87.675687612782","POINT (-87.675687612782 42.011454296639)"
"6502 S ALBANY AVE","2026-04-01T21:31:28.000","2026-05-08T14:43:09.000","29","41.77520100094","-87.700905000002","POINT (-87.700905000002 41.77520100094)"
"1706 W LUNT AVE","2026-05-06T16:30:47.000","2026-05-08T14:42:09.000","22","42.009077676603","-87.672575066637","POINT (-87.672575066637 42.009077676603)"
"6600 S ALBANY AVE","2026-04-30T10:29:03.000","2026-05-08T14:41:42.000","3","41.77336500094","-87.700842000002","POINT (-87.700842000002 41.77336500094)"
"7200 N SHERIDAN RD","2026-05-04T20:43:54.000","2026-05-08T14:41:16.000","17","42.013224000941","-87.664252500002","POINT (-87.664252500002 42.013224000941)"
"7363 N SHERIDAN RD","2026-05-06T11:41:28.000","2026-05-08T14:40:28.000","11","42.015681000941","-87.664509000002","POINT (-87.664509000002 42.015681000941)"
"7634 N GREENVIEW AVE","2026-05-05T15:58:04.000","2026-05-08T14:39:51.000","6","42.020424000941","-87.668568000002","POINT (-87.668568000002 42.020424000941)"
"7450 N SHERIDAN RD","2026-05-07T09:49:22.000","2026-05-08T14:39:13.000","18","42.017418000941","-87.665922000002","POINT (-87.665922000002 42.017418000941)"
"1436 W JONQUIL TER","2026-05-05T15:59:06.000","2026-05-08T14:38:33.000","12","42.021378000941","-87.668086500002","POINT (-87.668086500002 42.021378000941)"
"4000 N MILWAUKEE AVE","2026-05-08T14:37:10.000","2026-05-08T14:38:00.000","3","41.953416536674","-87.747416858811","POINT (-87.747416858811 41.953416536674)"
"1724 W JONQUIL TER","2026-05-01T15:23:46.000","2026-05-08T14:37:49.000","10","42.021247820225","-87.674168774958","POINT (-87.674168774958 42.021247820225)"
"6300 S MOZART ST","2026-04-30T10:21:34.000","2026-05-08T14:37:05.000","33","41.779047099861","-87.694691672415","POINT (-87.694691672415 41.779047099861)"
"4100 N MILWAUKEE AVE","2026-05-08T14:35:47.000","2026-05-08T14:36:30.000","17","41.955244202228","-87.74990425763","POINT (-87.74990425763 41.955244202228)"
"7603 N ROGERS AVE","2026-05-05T09:52:59.000","2026-05-08T14:36:09.000","22","42.019362000941","-87.667758000002","POINT (-87.667758000002 42.019362000941)"
"4200 N MILWAUKEE AVE","2026-05-08T14:34:18.000","2026-05-08T14:35:08.000","19","41.957181000941","-87.751714500002","POINT (-87.751714500002 41.957181000941)"
"1647 W JUNEWAY TER","2026-05-01T15:20:30.000","2026-05-08T14:34:36.000","7","42.022473772689","-87.672338142305","POINT (-87.672338142305 42.022473772689)"
"7200 N RIDGE AVE","2026-05-03T22:00:25.000","2026-05-08T14:33:55.000","3","42.012585000941","-87.683724000002","POINT (-87.683724000002 42.012585000941)"
"4300 N MILWAUKEE AVE","2026-05-08T14:33:08.000","2026-05-08T14:33:51.000","2","41.958945000941","-87.753222000002","POINT (-87.753222000002 41.958945000941)"
"4400 N MILWAUKEE AVE","2026-05-08T14:31:48.000","2026-05-08T14:32:42.000","11","41.960754000941","-87.754842000002","POINT (-87.754842000002 41.960754000941)"
"5921 S RICHMOND ST","2026-05-04T14:25:00.000","2026-05-08T14:31:40.000","75","41.78566800094","-87.696976500002","POINT (-87.696976500002 41.78566800094)"
"4500 N MILWAUKEE AVE","2026-05-08T14:30:21.000","2026-05-08T14:31:11.000","2","41.962490522572","-87.756181391988","POINT (-87.756181391988 41.962490522572)"
"4700 N MILWAUKEE AVE","2026-05-08T14:27:21.000","2026-05-08T14:27:58.000","6","41.965722000941","-87.759796500002","POINT (-87.759796500002 41.965722000941)"
"5900 S FRANCISCO AVE","2026-04-09T03:32:59.000","2026-05-08T14:27:56.000","10","41.7863113861","-87.696115530675","POINT (-87.696115530675 41.7863113861)"
"4800 W LAWRENCE AVE","2026-05-08T14:26:07.000","2026-05-08T14:26:45.000","4","41.968087724179","-87.748040081021","POINT (-87.748040081021 41.968087724179)"
"4900 W LAWRENCE AVE","2026-05-08T14:24:36.000","2026-05-08T14:25:29.000","53","41.968062352583","-87.750348903543","POINT (-87.750348903543 41.968062352583)"
"1032 N ROCKWELL ST","2026-05-08T14:19:21.000","2026-05-08T14:20:06.000","1","41.900188594187","-87.691966955952","POINT (-87.691966955952 41.900188594187)"
"2637 W IOWA ST","2026-05-08T14:17:42.000","2026-05-08T14:18:21.000","3","41.89732200094","-87.693291000002","POINT (-87.693291000002 41.89732200094)"
"2702 W IOWA ST","2026-05-08T14:16:11.000","2026-05-08T14:17:00.000","1","41.897546644296","-87.694441940729","POINT (-87.694441940729 41.897546644296)"
"6400 W FULLERTON AVE","2026-05-08T14:14:16.000","2026-05-08T14:15:16.000","1","41.924052000941","-87.785793000002","POINT (-87.785793000002 41.924052000941)"
"5746 N MARMORA AVE","2026-05-08T14:05:22.000","2026-05-08T14:06:12.000","15","41.985666000941","-87.775047000002","POINT (-87.775047000002 41.985666000941)"
"5600 N AUSTIN AVE","2026-05-08T14:03:18.000","2026-05-08T14:04:34.000","20","41.982969296639","-87.778121078274","POINT (-87.778121078274 41.982969296639)"
"1009 N WASHTENAW AVE","2026-04-20T17:37:02.000","2026-05-08T14:00:47.000","35","41.899644000941","-87.694146000002","POINT (-87.694146000002 41.899644000941)"
"2701 W HADDON AVE","2026-04-22T16:43:09.000","2026-05-08T13:59:56.000","1","41.901822000941","-87.694555500002","POINT (-87.694555500002 41.901822000941)"
"2508 W THOMAS ST","2026-04-28T22:44:44.000","2026-05-08T13:59:09.000","17","41.901354000941","-87.689884500002","POINT (-87.689884500002 41.901354000941)"
"2740 W CHICAGO AVE","2026-05-05T14:24:51.000","2026-05-08T13:57:31.000","1","41.89597200094","-87.695923500002","POINT (-87.695923500002 41.89597200094)"
"814 N FAIRFIELD AVE","2026-05-05T14:26:48.000","2026-05-08T13:56:51.000","3","41.89622400094","-87.695752500002","POINT (-87.695752500002 41.89622400094)"
"948 N WASHTENAW AVE","2026-03-30T09:15:27.000","2026-05-08T13:55:05.000","32","41.899041000941","-87.694488000002","POINT (-87.694488000002 41.899041000941)"
"803 N CAMPBELL AVE","2026-04-01T13:22:44.000","2026-05-08T13:54:15.000","1","41.89600800094","-87.689061000002","POINT (-87.689061000002 41.89600800094)"
"2606 W WALTON ST","2026-04-10T09:45:35.000","2026-05-08T13:53:26.000","10","41.898627000941","-87.692238000002","POINT (-87.692238000002 41.898627000941)"
"850 N WASHTENAW AVE","2026-04-10T10:18:45.000","2026-05-08T13:52:43.000","16","41.897196000941","-87.694564500002","POINT (-87.694564500002 41.897196000941)"
"2615 W HADDON AVE","2026-04-13T23:12:05.000","2026-05-08T13:52:01.000","12","41.901858000941","-87.692580000002","POINT (-87.692580000002 41.901858000941)"
"2505 W CORTEZ ST","2026-03-18T09:13:14.000","2026-05-08T13:50:24.000","6","41.900076000941","-87.689767500002","POINT (-87.689767500002 41.900076000941)"
"1108 N ROCKWELL ST","2026-03-18T12:10:04.000","2026-05-08T13:48:50.000","4","41.901516000941","-87.692094000002","POINT (-87.692094000002 41.901516000941)"
"4857 N AVERS AVE","2026-04-09T12:57:31.000","2026-05-08T13:47:53.000","35","41.970110917159","-87.724459835971","POINT (-87.724459835971 41.970110917159)"
"3403 N MARSHFIELD AVE","2026-05-04T12:19:16.000","2026-05-08T13:47:33.000","23","41.943600000941","-87.669747000002","POINT (-87.669747000002 41.943600000941)"
"3801 N CLAREMONT AVE","2026-05-04T16:54:11.000","2026-05-08T13:44:48.000","6","41.950539000941","-87.686851500002","POINT (-87.686851500002 41.950539000941)"
"4900 S CHICAGO BEACH DR","2026-04-01T13:59:40.000","2026-05-08T13:44:32.000","29","41.806265870845","-87.585816218687","POINT (-87.585816218687 41.806265870845)"
"2309 W GRACE ST","2026-04-17T16:09:56.000","2026-05-08T13:44:05.000","37","41.950355705242","-87.686344538875","POINT (-87.686344538875 41.950355705242)"
"2459 W BERENICE AVE","2026-04-30T09:18:27.000","2026-05-08T13:43:24.000","5","41.951052000941","-87.690645000002","POINT (-87.690645000002 41.951052000941)"
"4950 N HARDING AVE","2026-04-09T13:40:27.000","2026-05-08T13:42:51.000","5","41.971644000941","-87.727194000002","POINT (-87.727194000002 41.971644000941)"
"3804 N SEELEY AVE","2026-05-04T17:09:47.000","2026-05-08T13:42:43.000","7","41.950719000941","-87.680142000002","POINT (-87.680142000002 41.950719000941)"
"5050 S LAKE SHORE DR","2026-04-18T14:46:12.000","2026-05-08T13:42:41.000","15","41.8025896629","-87.58371690875","POINT (-87.58371690875 41.8025896629)"
"1417 E 53RD ST","2026-05-01T16:30:27.000","2026-05-08T13:41:58.000","2","41.79934800094","-87.591001500002","POINT (-87.591001500002 41.79934800094)"
"5000 N AVERS AVE","2026-04-13T14:03:35.000","2026-05-08T13:40:52.000","47","41.971988221984","-87.724581483823","POINT (-87.724581483823 41.971988221984)"
"2146 W ADDISON ST","2026-05-02T13:52:54.000","2026-05-08T13:40:32.000","13","41.947065000941","-87.682828500002","POINT (-87.682828500002 41.947065000941)"
"4244 N RAVENSWOOD AVE","2026-05-02T17:51:28.000","2026-05-08T13:39:44.000","13","41.958162000941","-87.674436000002","POINT (-87.674436000002 41.958162000941)"
"1518 W BELLE PLAINE AVE","2026-05-06T13:47:10.000","2026-05-08T13:38:54.000","18","41.956290000941","-87.668640000002","POINT (-87.668640000002 41.956290000941)"
"4906 N AVERS AVE","2026-04-22T09:03:08.000","2026-05-08T13:38:15.000","10","41.970429000941","-87.724764000002","POINT (-87.724764000002 41.970429000941)"
"2717 W 63RD ST","2026-03-27T07:18:35.000","2026-05-08T13:38:05.000","7","41.77894500094","-87.691711500002","POINT (-87.691711500002 41.77894500094)"
"6129 S MAPLEWOOD AVE","2026-04-09T21:27:20.000","2026-05-08T13:37:18.000","8","41.78199600094","-87.687103500002","POINT (-87.687103500002 41.78199600094)"
"6324 S CAMPBELL AVE","2026-04-24T11:53:12.000","2026-05-08T13:33:19.000","1","41.77845000094","-87.686311500002","POINT (-87.686311500002 41.77845000094)"
"3852 W AINSLIE ST","2026-04-25T18:08:29.000","2026-05-08T13:20:04.000","1","41.970158711704","-87.725359897336","POINT (-87.725359897336 41.970158711704)"
"4901 N SPRINGFIELD AVE","2026-05-02T19:51:41.000","2026-05-08T13:16:30.000","5","41.970240000941","-87.725394000002","POINT (-87.725394000002 41.970240000941)"
"4001 W ARGYLE ST","2026-05-04T15:59:59.000","2026-05-08T13:15:35.000","1","41.971891932386","-87.728137561712","POINT (-87.728137561712 41.971891932386)"
"4947 W PENSACOLA AVE","2026-04-14T12:44:51.000","2026-05-08T13:12:40.000","50","41.959530000941","-87.751822500002","POINT (-87.751822500002 41.959530000941)"
"5014 W PENSACOLA AVE","2026-05-03T10:50:20.000","2026-05-08T13:09:47.000","15","41.959962000941","-87.752722500002","POINT (-87.752722500002 41.959962000941)"
"4360 N LAMON AVE","2026-05-04T11:08:18.000","2026-05-08T13:04:43.000","45","41.960198839499","-87.750032050791","POINT (-87.750032050791 41.960198839499)"
"4905 W CULLOM AVE","2026-04-08T13:16:51.000","2026-05-08T12:58:51.000","4","41.958815705242","-87.750146031054","POINT (-87.750146031054 41.958815705242)"
"4800 W CULLOM AVE","2026-04-09T16:21:10.000","2026-05-08T12:58:13.000","3","41.958964192242","-87.747564278813","POINT (-87.747564278813 41.958964192242)"
"4830 W PENSACOLA AVE","2026-04-09T17:10:19.000","2026-05-08T12:55:43.000","35","41.960034000941","-87.748830000002","POINT (-87.748830000002 41.960034000941)"
"1065 W 54TH ST","2026-04-10T10:27:36.000","2026-05-08T12:38:12.000","19","41.795987705242","-87.651881982928","POINT (-87.651881982928 41.795987705242)"
"1435 W 52ND ST","2026-04-15T20:00:22.000","2026-05-08T12:37:21.000","14","41.799497705242","-87.66117035734","POINT (-87.66117035734 41.799497705242)"
"5200 S BISHOP ST","2026-04-15T20:01:45.000","2026-05-08T12:36:31.000","21","41.79942900094","-87.661359000002","POINT (-87.661359000002 41.79942900094)"
"1547 W 51ST ST","2026-04-19T08:44:28.000","2026-05-08T12:35:42.000","15","41.801279185404","-87.664259658974","POINT (-87.664259658974 41.801279185404)"
"1199 W 54TH","2026-04-21T15:50:51.000","2026-05-08T12:34:51.000","10","41.795942705242","-87.654838146927","POINT (-87.654838146927 41.795942705242)"
"5301 S RACINE AVE","2026-04-28T20:05:02.000","2026-05-08T12:34:02.000","18","41.797818073567","-87.654963587603","POINT (-87.654963587603 41.797818073567)"
"5334 S CARPENTER ST","2026-05-05T08:03:02.000","2026-05-08T12:33:19.000","25","41.79679200094","-87.651549000002","POINT (-87.651549000002 41.79679200094)"
"6840 S OAKLEY AVE","2026-04-13T16:03:06.000","2026-05-08T12:30:54.000","41","41.76896400094","-87.681118500002","POINT (-87.681118500002 41.76896400094)"
"6931 S ROCKWELL ST","2026-04-13T17:17:01.000","2026-05-08T12:29:18.000","35","41.76731700094","-87.687936000002","POINT (-87.687936000002 41.76731700094)"
"2514 W LITHUANIAN PLAZA CT","2026-04-15T10:50:43.000","2026-05-08T12:28:30.000","31","41.768350338598","-87.68649846339","POINT (-87.68649846339 41.768350338598)"
"6751 S OAKLEY AVE","2026-04-20T13:02:01.000","2026-05-08T12:27:42.000","48","41.77052100094","-87.680596500002","POINT (-87.680596500002 41.77052100094)"
"6700 S BELL AVE","2026-04-20T18:47:48.000","2026-05-08T12:26:53.000","23","41.771948705242","-87.679764324322","POINT (-87.679764324322 41.771948705242)"
"6725 S WESTERN AVE","2026-04-24T06:35:28.000","2026-05-08T12:24:50.000","33","41.771223327333","-87.683351668879","POINT (-87.683351668879 41.771223327333)"
"6622 S CAMPBELL AVE","2026-05-01T12:44:04.000","2026-05-08T12:24:04.000","21","41.77305000094","-87.686176500002","POINT (-87.686176500002 41.77305000094)"
"6934 S MAPLEWOOD AVE","2026-05-05T11:28:48.000","2026-05-08T12:22:35.000","27","41.76724500094","-87.687265500002","POINT (-87.687265500002 41.76724500094)"
"1601 E 53RD ST","2026-05-03T20:24:12.000","2026-05-08T12:12:32.000","5","41.79941100094","-87.586339500002","POINT (-87.586339500002 41.79941100094)"
"1442 E 59TH ST","2026-04-21T12:34:19.000","2026-05-08T12:08:17.000","40","41.78814300094","-87.589791000002","POINT (-87.589791000002 41.78814300094)"
"1516 E 59TH ST","2026-05-04T19:00:18.000","2026-05-08T12:07:07.000","26","41.78799900094","-87.588265500002","POINT (-87.588265500002 41.78799900094)"
"5901 S WESTERN AVE","2026-04-01T11:26:36.000","2026-05-08T12:04:02.000","11","41.78637900094","-87.683512500002","POINT (-87.683512500002 41.78637900094)"
"2512 W 62ND","2026-04-21T11:52:51.000","2026-05-08T12:03:16.000","2","41.781108296639","-87.686754724037","POINT (-87.686754724037 41.781108296639)"
"6159 S ROCKWELL ST","2026-04-24T22:00:34.000","2026-05-08T12:02:18.000","1","41.78115000094","-87.688291500002","POINT (-87.688291500002 41.78115000094)"
"6456 S WESTERN AVE","2026-05-01T06:52:52.000","2026-05-08T12:01:26.000","4","41.77579500094","-87.683859000002","POINT (-87.683859000002 41.77579500094)"
"6333 S WESTERN AVE","2026-05-01T07:11:40.000","2026-05-08T12:00:38.000","5","41.77811700094","-87.683170500002","POINT (-87.683170500002 41.77811700094)"
"6025 S WESTERN AVE","2026-05-01T07:12:20.000","2026-05-08T11:59:52.000","6","41.78381400094","-87.683026500002","POINT (-87.683026500002 41.78381400094)"
"2649 W 63RD ST","2026-05-01T18:18:09.000","2026-05-08T11:59:12.000","21","41.77895400094","-87.690487500002","POINT (-87.690487500002 41.77895400094)"
"5441 S CLAREMONT AVE","2026-04-14T22:09:53.000","2026-05-08T11:57:24.000","32","41.79440700094","-87.682063500002","POINT (-87.682063500002 41.79440700094)"
"5203 S WINCHESTER AVE","2026-04-16T19:33:14.000","2026-05-08T11:56:38.000","4","41.79924000094","-87.673009500002","POINT (-87.673009500002 41.79924000094)"
"1735 W 51ST ST","2026-04-22T07:57:11.000","2026-05-08T11:54:47.000","10","41.801234705242","-87.668591869079","POINT (-87.668591869079 41.801234705242)"
"5400 S LEAVITT ST","2026-04-22T08:08:56.000","2026-05-08T11:54:02.000","6","41.795159252635","-87.680083240211","POINT (-87.680083240211 41.795159252635)"
"2332 W 54TH ST","2026-05-06T08:14:12.000","2026-05-08T11:53:13.000","11","41.795254240907","-87.682599720186","POINT (-87.682599720186 41.795254240907)"
"10000 S CARPENTER ST","2026-05-06T13:38:38.000","2026-05-08T09:33:55.000","4","41.71214700094","-87.649344000002","POINT (-87.649344000002 41.71214700094)"
"8900 S VINCENNES AVE","2026-05-05T07:57:39.000","2026-05-08T09:33:08.000","1","41.732500751658","-87.646618179675","POINT (-87.646618179675 41.732500751658)"
"8710 S HOLLAND RD","2026-05-06T08:38:08.000","2026-05-08T09:31:19.000","1","41.735980149092","-87.632726255344","POINT (-87.632726255344 41.735980149092)"
"8300 S VINCENNES AVE","2026-05-05T10:23:18.000","2026-05-08T09:30:33.000","11","41.743494435733","-87.63660251512","POINT (-87.63660251512 41.743494435733)"
"520 W 83RD PL","2026-05-05T10:27:53.000","2026-05-08T09:29:24.000","8","41.742435296639","-87.63822871114","POINT (-87.63822871114 41.742435296639)"
"5626 S KIMBARK AVE","2026-04-20T19:18:08.000","2026-05-08T09:09:20.000","59","41.79246300094","-87.595177500002","POINT (-87.595177500002 41.79246300094)"
"5528 S KIMBARK AVE","2026-05-01T16:28:09.000","2026-05-08T09:07:15.000","47","41.79424500094","-87.595195500002","POINT (-87.595195500002 41.79424500094)"
"9600 S DAMEN AVE","2026-05-06T15:11:47.000","2026-05-08T09:04:36.000","10","41.71910400094","-87.672591000002","POINT (-87.672591000002 41.71910400094)"
"9650 S WINCHESTER AVE","2026-05-06T15:08:59.000","2026-05-08T08:59:48.000","15","41.71778100094","-87.671083500002","POINT (-87.671083500002 41.71778100094)"
"9946 S LEAVITT ST","2026-05-06T14:57:36.000","2026-05-08T08:52:27.000","26","41.71233600094","-87.677298000002","POINT (-87.677298000002 41.71233600094)"
"9534 S WINCHESTER AVE","2026-05-06T15:09:28.000","2026-05-08T08:49:42.000","5","41.71999500094","-87.671128500002","POINT (-87.671128500002 41.71999500094)"
"152 E RIVERWALK","2026-04-29T22:12:16.000","2026-05-08T08:29:05.000","1","41.888473571922","-87.622441756654","POINT (-87.622441756654 41.888473571922)"
"10 E LAKE ST","2026-04-18T17:09:41.000","2026-05-08T08:28:19.000","3","41.88605400094","-87.627361500002","POINT (-87.627361500002 41.88605400094)"
"1200 S LAKE SHORE DR","2026-03-23T14:53:02.000","2026-05-08T08:26:53.000","15","41.867450529341","-87.618831943067","POINT (-87.618831943067 41.867450529341)"
"321 S DEARBORN ST","2026-05-01T13:05:54.000","2026-05-08T08:23:03.000","1","41.877661244225","-87.629210125727","POINT (-87.629210125727 41.877661244225)"
"291 W 18TH ST","2026-04-04T10:45:09.000","2026-05-08T08:21:48.000","7","41.857673705242","-87.634870156167","POINT (-87.634870156167 41.857673705242)"
"2126 S ARCHER AVE","2026-05-01T15:31:32.000","2026-05-08T08:21:06.000","1","41.85434700094","-87.632995500002","POINT (-87.632995500002 41.85434700094)"
"1200 W 33RD ST","2026-04-20T15:03:10.000","2026-05-08T08:19:19.000","1","41.834365462814","-87.656005880446","POINT (-87.656005880446 41.834365462814)"
"1204 W 33RD PL","2026-04-17T14:55:21.000","2026-05-08T08:18:26.000","6","41.83366500094","-87.656287500002","POINT (-87.656287500002 41.83366500094)"
"1310 W 33RD ST","2026-04-13T14:12:27.000","2026-05-08T08:16:24.000","1","41.83448400094","-87.658861500002","POINT (-87.658861500002 41.83448400094)"
"1324 W 31ST PL","2026-04-29T16:11:12.000","2026-05-08T08:15:41.000","3","41.83714800094","-87.659442000002","POINT (-87.659442000002 41.83714800094)"
"3140 S BENSON ST","2026-04-23T08:54:20.000","2026-05-08T08:15:01.000","4","41.83707600094","-87.661314000002","POINT (-87.661314000002 41.83707600094)"
"1059 W 31ST PL","2026-04-27T15:01:24.000","2026-05-08T08:14:19.000","2","41.83699293864","-87.653486477078","POINT (-87.653486477078 41.83699293864)"
"817 W 34TH PL","2026-05-01T19:19:09.000","2026-05-08T08:12:38.000","4","41.83154100094","-87.646837500002","POINT (-87.646837500002 41.83154100094)"
"2727 S ELEANOR ST","2026-04-22T19:16:49.000","2026-05-08T08:11:47.000","15","41.84399700094","-87.660895500002","POINT (-87.660895500002 41.84399700094)"
"956 W 29TH ST","2026-04-29T09:58:48.000","2026-05-08T08:10:56.000","8","41.84092800094","-87.651027000002","POINT (-87.651027000002 41.84092800094)"
"2882 S QUINN ST","2026-05-04T14:25:35.000","2026-05-08T08:09:51.000","4","41.84094600094","-87.650865000002","POINT (-87.650865000002 41.84094600094)"
"2500 S THROOP ST","2026-05-04T15:14:28.000","2026-05-08T08:09:08.000","6","41.84627400094","-87.656917500002","POINT (-87.656917500002 41.84627400094)"
"2541 S ELEANOR ST","2026-04-29T10:01:03.000","2026-05-08T08:08:17.000","42","41.84558100094","-87.657988500002","POINT (-87.657988500002 41.84558100094)"
"1800 S MUSEUM CAMPUS DR","2026-05-08T07:52:12.000","2026-05-08T07:53:15.000","2","41.858486964508","-87.614550151525","POINT (-87.614550151525 41.858486964508)"
"1700 S MUSEUM CAMPUS DR","2026-05-08T07:50:01.000","2026-05-08T07:51:18.000","3","41.859347931285","-87.614017570288","POINT (-87.614017570288 41.859347931285)"
"1600 S MUSEUM CAMPUS DR","2026-05-08T07:40:03.000","2026-05-08T07:46:51.000","5","41.860303312535","-87.613969747112","POINT (-87.613969747112 41.860303312535)"
"1500 S MUSEUM CAMPUS DR","2026-05-08T07:34:10.000","2026-05-08T07:36:20.000","5","41.861257245721","-87.614424469912","POINT (-87.614424469912 41.861257245721)"
"1400 S MUSEUM CAMPUS DR","2026-05-08T07:30:53.000","2026-05-08T07:32:09.000","5","41.862792296583","-87.61496205691","POINT (-87.61496205691 41.862792296583)"
"1300 S MUSEUM CAMPUS DR","2026-05-08T07:28:42.000","2026-05-08T07:29:55.000","5","41.864282868882","-87.614259416657","POINT (-87.614259416657 41.864282868882)"
"1200 S museum campus","2026-05-08T07:25:45.000","2026-05-08T07:26:34.000","5",,,
"1918 W 59TH ST","2026-05-08T07:22:17.000","2026-05-08T07:23:25.000","1","41.78691900094","-87.672528000002","POINT (-87.672528000002 41.78691900094)"
"4537 W 47TH ST","2026-05-07T15:13:30.000","2026-05-07T15:14:55.000","5","41.80713300094","-87.737242500002","POINT (-87.737242500002 41.80713300094)"
"5750 S MAPLEWOOD AVE","2026-05-04T12:38:15.000","2026-05-07T14:57:46.000","33","41.78868300094","-87.687832500002","POINT (-87.687832500002 41.78868300094)"
"5835 S CAMPBELL AVE","2026-05-04T12:50:12.000","2026-05-07T14:51:44.000","12","41.78729700094","-87.686028000002","POINT (-87.686028000002 41.78729700094)"
"5735 S CAMPBELL AVE","2026-04-05T09:17:12.000","2026-05-07T14:49:22.000","21","41.78915100094","-87.686064000002","POINT (-87.686064000002 41.78915100094)"
"3417 N WOLCOTT AVE","2026-02-19T15:38:26.000","2026-05-07T14:41:59.000","12","41.943798000941","-87.675871500002","POINT (-87.675871500002 41.943798000941)"
"3453 N PAULINA ST","2026-04-03T13:13:46.000","2026-05-07T14:41:20.000","21","41.944887000941","-87.671016000002","POINT (-87.671016000002 41.944887000941)"
"3600 N HERMITAGE AVE","2026-03-18T10:23:25.000","2026-05-07T14:40:38.000","1","41.946947076723","-87.672486422573","POINT (-87.672486422573 41.946947076723)"
"1844 W ADDISON ST","2026-02-25T13:47:27.000","2026-05-07T14:39:57.000","2","41.946963646886","-87.675759580423","POINT (-87.675759580423 41.946963646886)"
"1930 W 50TH ST","2026-05-06T13:05:16.000","2026-05-07T14:39:35.000","32","41.803131296639","-87.673265638443","POINT (-87.673265638443 41.803131296639)"
"1513 W GRACE ST","2026-04-16T15:43:39.000","2026-05-07T14:39:19.000","6","41.950485000941","-87.667141500002","POINT (-87.667141500002 41.950485000941)"
"1517 W WAVELAND AVE","2026-02-27T13:43:06.000","2026-05-07T14:38:42.000","26","41.948787931626","-87.667214559644","POINT (-87.667214559644 41.948787931626)"
"3527 N BOSWORTH AVE","2026-03-26T21:43:40.000","2026-05-07T14:36:30.000","7","41.946048000941","-87.667380000002","POINT (-87.667380000002 41.946048000941)"
"3517 N MARSHFIELD AVE","2026-05-04T12:28:58.000","2026-05-07T14:35:49.000","13","41.945751000941","-87.669801000002","POINT (-87.669801000002 41.945751000941)"
"1735 W WAVELAND AVE","2026-04-13T08:09:12.000","2026-05-07T14:34:31.000","15","41.948770925933","-87.67250274508","POINT (-87.67250274508 41.948770925933)"
"2030 W 50TH ST","2026-05-06T13:08:39.000","2026-05-07T14:34:16.000","26","41.80311054934","-87.675705061743","POINT (-87.675705061743 41.80311054934)"
"3827 N PAULINA ST","2026-04-28T13:53:09.000","2026-05-07T14:33:54.000","9","41.951466000941","-87.671155500002","POINT (-87.671155500002 41.951466000941)"
"3801 N MARSHFIELD AVE","2026-05-04T12:35:18.000","2026-05-07T14:31:57.000","14","41.950818000941","-87.669981000002","POINT (-87.669981000002 41.950818000941)"
"2130 W 50TH ST","2026-05-06T13:11:20.000","2026-05-07T14:29:14.000","13","41.80321800094","-87.678270000002","POINT (-87.678270000002 41.80321800094)"
"2644 W GEORGE ST","2026-05-07T12:55:46.000","2026-05-07T12:56:22.000","1","41.934078000941","-87.694366500002","POINT (-87.694366500002 41.934078000941)"
"2859 N TALMAN AVE","2026-05-07T12:54:23.000","2026-05-07T12:55:04.000","2","41.933868444779","-87.693932999832","POINT (-87.693932999832 41.933868444779)"
"2730 W NELSON ST","2026-05-07T12:50:44.000","2026-05-07T12:51:38.000","4","41.936859000941","-87.696544500002","POINT (-87.696544500002 41.936859000941)"
"2958 N FAIRFIELD AVE","2026-05-07T12:49:12.000","2026-05-07T12:49:50.000","1","41.935608000941","-87.696724500002","POINT (-87.696724500002 41.935608000941)"
"2838 N CAMPBELL","2026-04-16T11:45:33.000","2026-05-07T11:54:18.000","18","41.933304000941","-87.690658500002","POINT (-87.690658500002 41.933304000941)"
"7014 S OGLESBY AVE","2026-04-22T08:55:47.000","2026-05-07T11:41:52.000","1","41.76739800094","-87.568542000002","POINT (-87.568542000002 41.76739800094)"
"6959 S CONSTANCE AVE","2026-03-15T21:41:07.000","2026-05-07T11:38:30.000","7","41.767951676024","-87.580036947875","POINT (-87.580036947875 41.767951676024)"
"1520 S LAFLIN ST","2026-05-02T15:35:22.000","2026-05-07T11:37:26.000","20","41.860510086613","-87.663920296816","POINT (-87.663920296816 41.860510086613)"
"11900 S LOWE AVE","2026-05-05T07:52:35.000","2026-05-07T11:35:16.000","49","41.677807590368","-87.638376189538","POINT (-87.638376189538 41.677807590368)"
"662 W 116TH PL","2026-05-06T10:36:22.000","2026-05-07T11:34:26.000","35","41.68315800094","-87.639718500002","POINT (-87.639718500002 41.68315800094)"
"11601 S LOWE AVE","2026-05-06T10:48:07.000","2026-05-07T11:33:39.000","46","41.68377900094","-87.638368500002","POINT (-87.638368500002 41.68377900094)"
"508 S OAKLEY BLVD","2026-04-28T13:36:56.000","2026-05-07T11:33:27.000","1","41.87459700094","-87.684120000002","POINT (-87.684120000002 41.87459700094)"
"12014 S UNION AVE","2026-05-04T20:04:38.000","2026-05-07T11:32:32.000","7","41.67556200094","-87.639691500002","POINT (-87.639691500002 41.67556200094)"
"2735 W 15TH PL","2026-05-06T06:30:00.000","2026-05-07T11:31:31.000","10","41.86043100094","-87.694533000002","POINT (-87.694533000002 41.86043100094)"
"2636 W 15TH PL","2026-05-06T06:28:43.000","2026-05-07T11:29:45.000","5","41.86038600094","-87.692323500002","POINT (-87.692323500002 41.86038600094)"
"9800 S WALDEN PKWY","2026-05-06T15:07:13.000","2026-05-07T11:21:23.000","15","41.71556700094","-87.667983000002","POINT (-87.667983000002 41.71556700094)"
"2100 W 100TH ST","2026-05-06T15:00:14.000","2026-05-07T11:19:52.000","10","41.712015296638","-87.674611752514","POINT (-87.674611752514 41.712015296638)"
"2919 N CALIFORNIA AVE","2026-04-27T07:33:08.000","2026-05-07T11:19:04.000","2","41.934186000941","-87.697242000002","POINT (-87.697242000002 41.934186000941)"
"1932 W 100TH ST","2026-05-06T15:02:24.000","2026-05-07T11:19:04.000","30","41.712087296638","-87.670269581618","POINT (-87.670269581618 41.712087296638)"
"1931 W 102ND ST","2026-05-06T14:58:22.000","2026-05-07T11:18:20.000","1","41.708023501056","-87.671409143916","POINT (-87.671409143916 41.708023501056)"
"2920 N MAPLEWOOD AVE","2026-04-29T10:27:49.000","2026-05-07T11:18:19.000","1","41.93453637169","-87.691356918943","POINT (-87.691356918943 41.93453637169)"
"10150 S SEELEY AVE","2026-05-06T14:59:06.000","2026-05-07T11:17:35.000","5","41.70862800094","-87.674017500002","POINT (-87.674017500002 41.70862800094)"
"3000 N WASHTENAW AVE","2026-04-30T01:30:04.000","2026-05-07T11:17:28.000","15","41.935887000941","-87.695586000002","POINT (-87.695586000002 41.935887000941)"
"2667 W NELSON ST","2026-04-30T01:44:27.000","2026-05-07T11:15:39.000","1","41.936490000941","-87.695145000002","POINT (-87.695145000002 41.936490000941)"
"10000 S HAMILTON AVE","2026-05-06T14:56:48.000","2026-05-07T11:15:22.000","12","41.711881461373","-87.675816049238","POINT (-87.675816049238 41.711881461373)"
"9925 S HAMILTON AVE","2026-05-06T14:55:20.000","2026-05-07T11:14:34.000","5","41.71291200094","-87.675457500002","POINT (-87.675457500002 41.71291200094)"
"9956 S HOYNE AVE","2026-05-06T15:04:59.000","2026-05-07T11:13:44.000","5","41.71207259195","-87.674615596133","POINT (-87.674615596133 41.71207259195)"
"10025 S HOYNE AVE","2026-05-06T15:05:56.000","2026-05-07T11:12:55.000","5","41.71116600094","-87.674161500002","POINT (-87.674161500002 41.71116600094)"
"2603 W BELMONT AVE","2026-03-16T08:59:14.000","2026-05-07T11:11:37.000","1","41.939226000941","-87.693088500002","POINT (-87.693088500002 41.939226000941)"
"2839 N CAMPBELL AVE","2026-03-27T14:20:06.000","2026-05-07T11:10:49.000","31","41.933376000941","-87.690199500002","POINT (-87.690199500002 41.933376000941)"
"2555 W BELMONT","2026-03-31T10:18:09.000","2026-05-07T11:07:59.000","1","41.939375705242","-87.69283932477","POINT (-87.69283932477 41.939375705242)"
"2555 W BELMONT AVE","2026-04-01T09:48:25.000","2026-05-07T11:07:11.000","1","41.939375705242","-87.69283932477","POINT (-87.69283932477 41.939375705242)"
"2717 W WELLINGTON AVE","2026-04-04T14:58:07.000","2026-05-07T11:06:16.000","21","41.935608000941","-87.696148500002","POINT (-87.696148500002 41.935608000941)"
"7256 S MERRILL AVE","2026-04-20T11:25:17.000","2026-05-07T11:01:23.000","8","41.762682912203","-87.572598187431","POINT (-87.572598187431 41.762682912203)"
"2923 N TALMAN AVE","2026-04-07T09:04:21.000","2026-05-07T10:59:24.000","14","41.934645000941","-87.693754500002","POINT (-87.693754500002 41.934645000941)"
"2110 E 72ND ST","2026-04-20T11:29:21.000","2026-05-07T10:59:00.000","3","41.76493200094","-87.573321000002","POINT (-87.573321000002 41.76493200094)"
"3133 N WASHTENAW AVE","2026-04-13T14:37:32.000","2026-05-07T10:58:21.000","1","41.938767000941","-87.695023500002","POINT (-87.695023500002 41.938767000941)"
"2614 W WELLINGTON AVE","2026-04-14T18:35:54.000","2026-05-07T10:57:34.000","4","41.935836296639","-87.693529441824","POINT (-87.693529441824 41.935836296639)"
"7206 S CRANDON AVE","2026-04-26T18:43:22.000","2026-05-07T10:56:19.000","5","41.76412200094","-87.569226000002","POINT (-87.569226000002 41.76412200094)"
"2878 N ELSTON AVE","2026-04-15T23:41:20.000","2026-05-07T10:56:00.000","6","41.933646000941","-87.690217500002","POINT (-87.690217500002 41.933646000941)"
"2000 E 73RD ST","2026-04-27T11:01:26.000","2026-05-07T10:55:09.000","63","41.762578398852","-87.576152693691","POINT (-87.576152693691 41.762578398852)"
"2100 E 73RD ST","2026-04-27T11:02:58.000","2026-05-07T10:54:19.000","74","41.76272700094","-87.573699000002","POINT (-87.573699000002 41.76272700094)"
"1801 N LAWNDALE AVE","2026-05-04T15:16:29.000","2026-05-07T10:43:20.000","4","41.913792000941","-87.718783500002","POINT (-87.718783500002 41.913792000941)"
"2000 N KENNETH AVE","2026-03-24T19:46:39.000","2026-05-07T10:31:27.000","30","41.917097003653","-87.737640697931","POINT (-87.737640697931 41.917097003653)"
"464 N CARPENTER ST","2026-04-29T19:34:44.000","2026-05-07T10:27:43.000","15","41.89084200094","-87.653749500002","POINT (-87.653749500002 41.89084200094)"
"213 N MORGAN ST","2026-05-02T08:35:27.000","2026-05-07T10:24:28.000","11","41.88617100094","-87.651832500002","POINT (-87.651832500002 41.88617100094)"
"663 N PEORIA ST","2026-04-16T22:41:07.000","2026-05-07T10:23:13.000","8","41.89395600094","-87.649825500002","POINT (-87.649825500002 41.89395600094)"
"2422 W DIVERSEY AVE","2026-03-15T17:26:36.000","2026-05-07T09:36:31.000","1","41.93222345265","-87.688834226046","POINT (-87.688834226046 41.93222345265)"
"4843 W CHICAGO AVE","2026-03-26T13:53:49.000","2026-05-07T09:32:24.000","10","41.894942705242","-87.747553286937","POINT (-87.747553286937 41.894942705242)"
"640 N LAVERGNE AVE","2026-03-27T14:00:20.000","2026-05-07T09:02:23.000","8","41.892516000941","-87.750823500002","POINT (-87.750823500002 41.892516000941)"
"5011 W CHICAGO AVE","2026-04-16T19:00:37.000","2026-05-07T08:58:47.000","23","41.89472100094","-87.751242000002","POINT (-87.751242000002 41.89472100094)"
"5012 W HURON ST","2026-04-23T21:39:03.000","2026-05-07T08:57:41.000","17","41.89331700094","-87.751278000002","POINT (-87.751278000002 41.89331700094)"
"407 N LONG AVE","2026-04-05T17:03:05.000","2026-05-07T08:25:16.000","10","41.88805200094","-87.760129500002","POINT (-87.760129500002 41.88805200094)"
"532 N LOCKWOOD AVE","2026-04-08T19:00:38.000","2026-05-07T08:24:34.000","5","41.88990600094","-87.758158500002","POINT (-87.758158500002 41.88990600094)"
"3618 W 60TH PL","2026-04-28T11:22:38.000","2026-05-07T08:24:33.000","2","41.783412296639","-87.714021299027","POINT (-87.714021299027 41.783412296639)"
"3654 W 61ST ST","2026-04-15T07:13:12.000","2026-05-07T08:23:12.000","11","41.78262600094","-87.715251000002","POINT (-87.715251000002 41.78262600094)"
"724 N LONG AVE","2026-04-12T16:05:02.000","2026-05-07T08:22:34.000","4","41.89380300094","-87.760912500002","POINT (-87.760912500002 41.89380300094)"
"3818 W 60TH PL","2026-03-16T08:27:36.000","2026-05-07T08:22:04.000","8","41.78347200094","-87.718801500002","POINT (-87.718801500002 41.78347200094)"
"545 N LONG AVE","2026-04-12T16:04:25.000","2026-05-07T08:21:55.000","10","41.89021200094","-87.760183500002","POINT (-87.760183500002 41.89021200094)"
"604 N LOCKWOOD AVE","2026-04-14T19:28:26.000","2026-05-07T08:21:13.000","4","41.89141800094","-87.758221500002","POINT (-87.758221500002 41.89141800094)"
"3601 W 59TH PL","2026-04-29T14:05:15.000","2026-05-07T08:20:53.000","13","41.78490300094","-87.713397000002","POINT (-87.713397000002 41.78490300094)"
"5233 W RACE AVE","2026-04-19T19:09:53.000","2026-05-07T08:20:33.000","6","41.88981600094","-87.756781500002","POINT (-87.756781500002 41.88981600094)"
"3743 W 59TH PL","2026-04-25T14:34:27.000","2026-05-07T08:19:56.000","2","41.78491200094","-87.717294000002","POINT (-87.717294000002 41.78491200094)"
"2200 W LAWRENCE AVE","2026-05-07T08:19:12.000","2026-05-07T08:19:50.000","2","41.968989000941","-87.684214500002","POINT (-87.684214500002 41.968989000941)"
"2100 W LAWRENCE AVE","2026-05-07T08:18:00.000","2026-05-07T08:18:40.000","3","41.968785296639","-87.68169506111","POINT (-87.68169506111 41.968785296639)"
"782 N LARAMIE AVE","2026-04-30T18:11:01.000","2026-05-07T08:18:11.000","2","41.89459022717","-87.755667702506","POINT (-87.755667702506 41.89459022717)"
"1700 W LAWRENCE AVE","2026-05-07T08:16:56.000","2026-05-07T08:17:32.000","11","41.969061000941","-87.671214000002","POINT (-87.671214000002 41.969061000941)"
"1600 W LAWRENCE AVE","2026-05-07T08:15:05.000","2026-05-07T08:16:25.000","13","41.968941412742","-87.669518128778","POINT (-87.669518128778 41.968941412742)"
"1500 W LAWRENCE AVE","2026-05-07T08:13:36.000","2026-05-07T08:14:30.000","1","41.96896253204","-87.667582108299","POINT (-87.667582108299 41.96896253204)"
"1200 W LAWRENCE AVE","2026-05-07T08:12:13.000","2026-05-07T08:13:03.000","10","41.969232000941","-87.660360000002","POINT (-87.660360000002 41.969232000941)"
"4800 N SHERIDAN RD","2026-05-07T08:10:46.000","2026-05-07T08:11:36.000","21","41.969322000941","-87.655387500002","POINT (-87.655387500002 41.969322000941)"
"4900 N SHERIDAN RD","2026-05-07T08:08:24.000","2026-05-07T08:09:54.000","9","41.971645328781","-87.654967623468","POINT (-87.654967623468 41.971645328781)"
"348 S LOTUS AVE","2026-04-07T10:05:32.000","2026-05-07T08:09:32.000","6","41.87513700094","-87.761844000002","POINT (-87.761844000002 41.87513700094)"
"5000 N SHERIDAN RD","2026-05-07T08:06:53.000","2026-05-07T08:07:44.000","12","41.973462000941","-87.655167000002","POINT (-87.655167000002 41.973462000941)"
"5300 S LAWNDALE AVE","2026-05-04T19:53:39.000","2026-05-07T08:06:48.000","18","41.79686400094","-87.716173500002","POINT (-87.716173500002 41.79686400094)"
"5100 N SHERIDAN RD","2026-05-07T08:05:32.000","2026-05-07T08:06:18.000","16","41.975496000941","-87.655405500002","POINT (-87.655405500002 41.975496000941)"
"5200 N SHERIDAN RD","2026-05-07T08:04:16.000","2026-05-07T08:05:03.000","2","41.976603000941","-87.655617000002","POINT (-87.655617000002 41.976603000941)"
"5300 N SHERIDAN RD","2026-05-07T08:02:09.000","2026-05-07T08:03:39.000","1","41.978448000941","-87.655419000002","POINT (-87.655419000002 41.978448000941)"
"5102 S KNOX AVE","2026-05-05T01:26:04.000","2026-05-07T08:03:29.000","5","41.80012200094","-87.739560000002","POINT (-87.739560000002 41.80012200094)"
"5400 N SHERIDAN RD","2026-05-07T07:58:23.000","2026-05-07T07:59:56.000","15","41.980473000941","-87.655527000002","POINT (-87.655527000002 41.980473000941)"
"5500 N SHERIDAN RD","2026-05-07T07:56:16.000","2026-05-07T07:57:12.000","10","41.982111000941","-87.655401000002","POINT (-87.655401000002 41.982111000941)"
"2705 W 58TH ST","2026-05-05T10:15:27.000","2026-05-07T07:55:13.000","20","41.788212255825","-87.691463765796","POINT (-87.691463765796 41.788212255825)"
"5300 W HARRISON ST","2026-04-10T13:26:50.000","2026-05-07T07:52:23.000","15","41.87313000094","-87.757600500002","POINT (-87.757600500002 41.87313000094)"
"5401 W VAN BUREN ST","2026-04-14T15:09:51.000","2026-05-07T07:51:38.000","12","41.87457900094","-87.759607500002","POINT (-87.759607500002 41.87457900094)"
"5521 W VAN BUREN ST","2026-04-14T15:15:45.000","2026-05-07T07:50:58.000","8","41.87456100094","-87.762514500002","POINT (-87.762514500002 41.87456100094)"
"5246 W GLADYS AVE","2026-04-17T13:21:36.000","2026-05-07T07:50:20.000","27","41.875797296639","-87.756809781218","POINT (-87.756809781218 41.875797296639)"
"6116 S MOZART ST","2026-05-04T13:59:14.000","2026-05-07T07:48:32.000","18","41.78220300094","-87.694978500002","POINT (-87.694978500002 41.78220300094)"
"5900 S MOZART ST","2026-05-03T03:39:56.000","2026-05-07T07:43:52.000","22","41.78624400094","-87.695037000002","POINT (-87.695037000002 41.78624400094)"
"5550 N LAKE SHORE SR","2026-05-07T07:42:28.000","2026-05-07T07:43:16.000","18","41.983347862134","-87.652835582366","POINT (-87.652835582366 41.983347862134)"
"5500 S FAIRFIELD AVE","2026-05-04T08:25:51.000","2026-05-07T07:40:19.000","68","41.793665705242","-87.692661350346","POINT (-87.692661350346 41.793665705242)"
"25 N KARLOV AVE","2026-05-07T07:36:49.000","2026-05-07T07:37:35.000","1","41.88148200094","-87.727810500002","POINT (-87.727810500002 41.88148200094)"
"5600 S FAIRFIELD AVE","2026-05-04T08:26:24.000","2026-05-07T07:37:09.000","73","41.79176100094","-87.692827500002","POINT (-87.692827500002 41.79176100094)"
"5600 N SHERIDAN RD","2026-05-07T07:33:29.000","2026-05-07T07:35:47.000","29","41.983956000941","-87.655635000002","POINT (-87.655635000002 41.983956000941)"
"325 N MAYFIELD AVE","2026-03-13T15:12:06.000","2026-05-07T07:35:05.000","20","41.88645900094","-87.771622500002","POINT (-87.771622500002 41.88645900094)"
"5958 W WASHINGTON BLVD","2026-03-21T14:00:48.000","2026-05-07T07:33:40.000","5","41.882110715232","-87.774728038827","POINT (-87.774728038827 41.882110715232)"
"900 W BRYN MAWR AVE","2026-05-07T07:32:13.000","2026-05-07T07:32:56.000","42","41.983946855211","-87.652257532828","POINT (-87.652257532828 41.983946855211)"
"161 N AUSTIN AVE","2026-04-01T08:55:40.000","2026-05-07T07:32:55.000","48","41.88390300094","-87.774403500002","POINT (-87.774403500002 41.88390300094)"
"245 N AUSTIN AVE","2026-04-01T08:55:55.000","2026-05-07T07:32:05.000","5","41.88546900094","-87.774565500002","POINT (-87.774565500002 41.88546900094)"
"1000 W BRYN MAWR AVE","2026-05-07T07:28:41.000","2026-05-07T07:31:46.000","37","41.98385683105","-87.655289303076","POINT (-87.655289303076 41.98385683105)"
"5700 S FAIRFIELD AVE","2026-05-04T08:26:55.000","2026-05-07T07:31:35.000","31","41.78995200094","-87.692751000002","POINT (-87.692751000002 41.78995200094)"
"325 N AUSTIN AVE","2026-04-01T08:56:09.000","2026-05-07T07:31:18.000","10","41.88639600094","-87.774471000002","POINT (-87.774471000002 41.88639600094)"
"329 N AUSTIN BLVD","2026-04-03T09:32:27.000","2026-05-07T07:30:36.000","20","41.886432148814","-87.774788054552","POINT (-87.774788054552 41.886432148814)"
"213 N AUSTIN BLVD","2026-04-03T10:04:07.000","2026-05-07T07:29:53.000","30","41.884490565622","-87.774727368241","POINT (-87.774727368241 41.884490565622)"
"326 N CLARK ST","2026-05-04T14:56:17.000","2026-05-07T07:27:10.000","1","41.88816900094","-87.631317000002","POINT (-87.631317000002 41.88816900094)"
"360 W HURON ST","2026-05-05T12:46:58.000","2026-05-07T07:25:29.000","3","41.89516200094","-87.637824000002","POINT (-87.637824000002 41.89516200094)"
"303 E WACKER DR","2026-05-05T12:44:26.000","2026-05-07T07:23:07.000","6","41.886937326511","-87.620741280257","POINT (-87.620741280257 41.886937326511)"
"301 N STETSON AVE","2026-05-05T12:02:12.000","2026-05-07T07:22:22.000","1","41.885792908381","-87.622313300499","POINT (-87.622313300499 41.885792908381)"
"5700 N SHERIDAN RD","2026-05-07T07:19:27.000","2026-05-07T07:20:12.000","2","41.985855000941","-87.655756500002","POINT (-87.655756500002 41.985855000941)"
"5600 N SHERIDAN RD","2026-05-07T07:16:43.000","2026-05-07T07:17:37.000","1","41.983956000941","-87.655635000002","POINT (-87.655635000002 41.983956000941)"
"3420 W 78TH ST","2026-03-24T12:52:11.000","2026-05-06T14:20:37.000","10","41.75160034539","-87.708299459431","POINT (-87.708299459431 41.75160034539)"
"3210 W 78TH ST","2026-03-24T12:51:20.000","2026-05-06T14:19:44.000","3","41.751689288329","-87.702970470788","POINT (-87.702970470788 41.751689288329)"
"7730 S ST LOUIS AVE","2026-03-24T12:55:09.000","2026-05-06T14:18:45.000","1","41.752497296639","-87.709878300997","POINT (-87.709878300997 41.752497296639)"
"7740 S HOMAN AVE","2026-03-24T12:54:35.000","2026-05-06T14:17:51.000","1","41.752141580217","-87.707426800143","POINT (-87.707426800143 41.752141580217)"
"7810 S KEDZIE AVE","2026-03-26T11:03:04.000","2026-05-06T14:16:58.000","2","41.75120700094","-87.702925500002","POINT (-87.702925500002 41.75120700094)"
"7500 S HOMAN AVE","2026-04-15T13:30:31.000","2026-05-06T14:13:52.000","21","41.75682300094","-87.707817000002","POINT (-87.707817000002 41.75682300094)"
"3200 W 77TH ST","2026-04-23T15:10:06.000","2026-05-06T14:13:11.000","80","41.753490014777","-87.702601690512","POINT (-87.702601690512 41.753490014777)"
"7326 S PRINCETON AVE","2026-05-04T12:15:20.000","2026-05-06T14:07:16.000","29","41.76087300094","-87.632424000002","POINT (-87.632424000002 41.76087300094)"
"8222 S EBERHART AVE","2026-05-03T14:56:47.000","2026-05-06T14:05:53.000","7","41.74494300094","-87.612651000002","POINT (-87.612651000002 41.74494300094)"
"2200 N DAYTON ST","2026-05-01T07:55:15.000","2026-05-06T14:03:11.000","12","41.921859296639","-87.649934004412","POINT (-87.649934004412 41.921859296639)"
"800 W DICKENS AVE","2026-05-01T07:49:43.000","2026-05-06T14:02:24.000","20","41.920056003606","-87.64866018699","POINT (-87.64866018699 41.920056003606)"
"545 E 73RD ST","2026-05-04T12:40:25.000","2026-05-06T14:01:45.000","3","41.76199800094","-87.611062500002","POINT (-87.611062500002 41.76199800094)"
"745 W DICKENS AVE","2026-05-01T07:50:37.000","2026-05-06T14:01:43.000","7","41.919903000941","-87.647751000002","POINT (-87.647751000002 41.919903000941)"
"7000 S WABASH AVE","2026-05-04T08:31:17.000","2026-05-06T14:01:03.000","46","41.76725400094","-87.623671500002","POINT (-87.623671500002 41.76725400094)"
"835 W BELDEN AVE","2026-04-29T14:40:00.000","2026-05-06T14:00:10.000","6","41.923623430156","-87.649918030066","POINT (-87.649918030066 41.923623430156)"
"917 W DICKENS AVE","2026-04-26T22:13:47.000","2026-05-06T13:59:23.000","11","41.919813000941","-87.651859500002","POINT (-87.651859500002 41.919813000941)"
"6949 S CALIFORNIA AVE","2026-05-05T14:10:49.000","2026-05-06T13:59:06.000","12","41.76666900094","-87.692782500002","POINT (-87.692782500002 41.76666900094)"
"2237 N HALSTED ST","2026-04-28T19:28:22.000","2026-05-06T13:58:34.000","5","41.922936000941","-87.648412500002","POINT (-87.648412500002 41.922936000941)"
"3307 W 71ST ST","2026-05-05T13:28:08.000","2026-05-06T13:58:22.000","5","41.76412200094","-87.705643500002","POINT (-87.705643500002 41.76412200094)"
"2030 N CLIFTON AVE","2026-04-26T10:45:41.000","2026-05-06T13:55:54.000","4","41.918994000941","-87.657327000002","POINT (-87.657327000002 41.918994000941)"
"1743 W 77TH ST","2026-05-04T15:29:50.000","2026-05-06T13:55:01.000","31","41.75379000094","-87.667672500002","POINT (-87.667672500002 41.75379000094)"
"1100 W DICKENS AVE","2026-05-01T07:53:26.000","2026-05-06T13:52:59.000","21","41.919951296639","-87.655937002109","POINT (-87.655937002109 41.919951296639)"
"1000 W DICKENS AVE","2026-05-01T07:52:04.000","2026-05-06T13:50:43.000","10","41.919822000941","-87.653970000002","POINT (-87.653970000002 41.919822000941)"
"2320 N KENMORE AVE","2026-04-28T15:58:53.000","2026-05-06T13:49:21.000","19","41.923809000941","-87.655347000002","POINT (-87.655347000002 41.923809000941)"
"3125 W 77TH ST","2026-04-14T15:38:51.000","2026-05-06T13:40:54.000","15","41.753474741202","-87.701282187338","POINT (-87.701282187338 41.753474741202)"
"7701 S KEDZIE AVE","2026-04-14T17:05:40.000","2026-05-06T13:39:03.000","1","41.75326800094","-87.702138000002","POINT (-87.702138000002 41.75326800094)"
"7721 S ALBANY AVE","2026-04-16T19:31:24.000","2026-05-06T13:37:57.000","15","41.75280000094","-87.699784500002","POINT (-87.699784500002 41.75280000094)"
"7815 W COLUMBUS AVE","2026-03-21T14:20:07.000","2026-05-06T13:30:09.000","1","41.75005500094","-87.702705000002","POINT (-87.702705000002 41.75005500094)"
"7500 S CENTRAL PARK AVE","2026-05-06T13:28:32.000","2026-05-06T13:29:17.000","13","41.756848880634","-87.712185115665","POINT (-87.712185115665 41.756848880634)"
"4032 W 86TH ST","2026-03-25T18:26:04.000","2026-05-06T13:23:02.000","12","41.736724673164","-87.722877500402","POINT (-87.722877500402 41.736724673164)"
"4233 W 86TH ST","2026-03-27T15:27:36.000","2026-05-06T13:21:59.000","6","41.736532326624","-87.727642388887","POINT (-87.727642388887 41.736532326624)"
"8426 S KOLIN AVE","2026-04-21T10:32:01.000","2026-05-06T13:18:34.000","7","41.73939000094","-87.730393500002","POINT (-87.730393500002 41.73939000094)"
"8333 S KARLOV AVE","2026-04-25T09:47:10.000","2026-05-06T13:17:46.000","9","41.74112700094","-87.723783000002","POINT (-87.723783000002 41.74112700094)"
"8646 S PULASKI RD","2026-04-26T16:01:43.000","2026-05-06T13:17:00.000","21","41.73528600094","-87.721654500002","POINT (-87.721654500002 41.73528600094)"
"4145 W 85TH ST","2026-04-29T14:05:15.000","2026-05-06T13:16:00.000","8","41.738396705241","-87.725769613425","POINT (-87.725769613425 41.738396705241)"
"8354 S TRIPP AVE","2026-04-30T13:07:49.000","2026-05-06T13:15:22.000","13","41.74049700094","-87.728004000002","POINT (-87.728004000002 41.74049700094)"
"4007 W 84TH ST","2026-04-30T15:24:55.000","2026-05-06T13:14:44.000","11","41.740291480227","-87.721985221576","POINT (-87.721985221576 41.740291480227)"
"8100 S FAIRFIELD AVE","2026-05-06T13:10:40.000","2026-05-06T13:11:32.000","10","41.74620300094","-87.691653000002","POINT (-87.691653000002 41.74620300094)"
"3000 W 81ST ST","2026-05-06T13:09:07.000","2026-05-06T13:09:53.000","21","41.746292436525","-87.697499139971","POINT (-87.697499139971 41.746292436525)"
"3200 W 82ND ST","2026-05-06T13:07:51.000","2026-05-06T13:08:33.000","14","41.744388296639","-87.7023227912","POINT (-87.7023227912 41.744388296639)"
"11700 S COTTAGE GROVE AVE","2026-04-29T07:16:03.000","2026-05-06T13:02:58.000","54","41.68135800094","-87.608232000002","POINT (-87.608232000002 41.68135800094)"
"11800 S COTTAGE GROVE AVE","2026-04-16T14:12:44.000","2026-05-06T13:02:06.000","40","41.679899846667","-87.610463865195","POINT (-87.610463865195 41.679899846667)"
"11638 S FRONT AVE","2026-04-30T19:32:07.000","2026-05-06T13:00:43.000","19","41.681343384591","-87.613410238156","POINT (-87.613410238156 41.681343384591)"
"11200 S EDBROOKE AVE","2026-05-04T12:33:49.000","2026-05-06T12:59:59.000","24","41.690758645778","-87.619665281775","POINT (-87.619665281775 41.690758645778)"
"11300 S INDIANA AVE","2026-05-05T13:29:53.000","2026-05-06T12:58:34.000","32","41.68884600094","-87.618514500002","POINT (-87.618514500002 41.68884600094)"
"12701 S UNION AVE","2026-05-05T10:44:11.000","2026-05-06T12:57:18.000","1","41.66316000094","-87.638719500002","POINT (-87.638719500002 41.66316000094)"
"105 W 127TH ST","2026-05-05T10:43:34.000","2026-05-06T12:55:26.000","20","41.66368200094","-87.624868500002","POINT (-87.624868500002 41.66368200094)"
"10235 S FOREST AVE","2026-05-05T09:11:45.000","2026-05-06T12:53:32.000","13","41.70805200094","-87.615945000002","POINT (-87.615945000002 41.70805200094)"
"5200 S SPAULDING AVE","2026-03-31T16:37:11.000","2026-05-06T12:32:59.000","3","41.79884400094","-87.706444500002","POINT (-87.706444500002 41.79884400094)"
"3600 W 51ST ST","2026-04-01T13:40:40.000","2026-05-06T12:32:04.000","13","41.80085100094","-87.713766000002","POINT (-87.713766000002 41.80085100094)"
"3616 W 50TH ST","2026-04-08T13:08:53.000","2026-05-06T12:31:11.000","16","41.80274100094","-87.714612000002","POINT (-87.714612000002 41.80274100094)"
"5304 S SAWYER AVE","2026-04-27T01:10:07.000","2026-05-06T12:29:33.000","8","41.79693600094","-87.705139500002","POINT (-87.705139500002 41.79693600094)"
"3909 N LINDER AVE","2026-04-21T15:28:13.000","2026-05-06T12:28:40.000","3","41.951754000941","-87.764292000002","POINT (-87.764292000002 41.951754000941)"
"6158 S TROY ST","2026-03-16T11:51:53.000","2026-05-06T12:27:42.000","2","41.78092500094","-87.702250500002","POINT (-87.702250500002 41.78092500094)"
"3557 W 59TH PL","2026-04-30T21:41:55.000","2026-05-06T12:26:42.000","3","41.78498400094","-87.712812000002","POINT (-87.712812000002 41.78498400094)"
"4500 W CORNELIA AVE","2026-04-15T08:54:08.000","2026-05-06T12:26:17.000","30","41.94447490496","-87.739737858385","POINT (-87.739737858385 41.94447490496)"
"3337 W 59TH ST","2026-05-04T08:23:59.000","2026-05-06T12:24:12.000","1","41.78601000094","-87.707286000002","POINT (-87.707286000002 41.78601000094)"
"3553 W 59TH ST","2026-04-28T11:42:16.000","2026-05-06T12:21:47.000","3","41.786106240539","-87.71280567474","POINT (-87.71280567474 41.786106240539)"
"3244 W 59TH ST","2026-04-02T13:48:23.000","2026-05-06T12:20:43.000","4","41.78645100094","-87.704910000002","POINT (-87.704910000002 41.78645100094)"
"3404 W 59TH ST","2026-04-17T23:14:19.000","2026-05-06T12:19:37.000","1","41.78638800094","-87.708532500002","POINT (-87.708532500002 41.78638800094)"
"3919 W 51ST ST","2026-05-02T09:05:39.000","2026-05-06T12:17:48.000","11","41.80038300094","-87.721758000002","POINT (-87.721758000002 41.80038300094)"
"3357 W 51ST ST","2026-04-07T16:33:16.000","2026-05-06T12:16:49.000","3","41.800703705242","-87.708599641218","POINT (-87.708599641218 41.800703705242)"
"6122 S RICHMOND ST","2026-05-04T14:26:25.000","2026-05-06T12:11:59.000","23","41.78200500094","-87.697404000002","POINT (-87.697404000002 41.78200500094)"
"5817 S WOOD ST","2026-05-02T09:40:21.000","2026-05-06T12:10:50.000","142","41.78798100094","-87.669018000002","POINT (-87.669018000002 41.78798100094)"
"5600 S WOOD ST","2026-05-04T15:16:57.000","2026-05-06T12:09:37.000","70","41.79204000094","-87.669706500002","POINT (-87.669706500002 41.79204000094)"
"3500 S DAMEN AVE","2026-05-06T12:04:17.000","2026-05-06T12:06:44.000","140","41.830339764507","-87.675362110758","POINT (-87.675362110758 41.830339764507)"
"2504 W PALMER ST","2026-04-12T10:03:36.000","2026-05-06T11:15:34.000","1","41.921697296639","-87.689539557508","POINT (-87.689539557508 41.921697296639)"
"2409 W MOFFAT ST","2026-04-05T17:30:03.000","2026-05-06T11:13:39.000","20","41.914638000941","-87.687765000002","POINT (-87.687765000002 41.914638000941)"
"1302 N HOYNE AVE","2026-05-04T14:21:00.000","2026-05-06T11:12:57.000","20","41.905107000941","-87.680056500002","POINT (-87.680056500002 41.905107000941)"
"227 W NORTH AVE","2026-04-19T21:23:42.000","2026-05-06T11:09:30.000","1","41.910858000941","-87.635956500002","POINT (-87.635956500002 41.910858000941)"
"500 W BLACKHAWK ST","2026-04-16T15:34:14.000","2026-05-06T11:06:51.000","1","41.909275457413","-87.641039883719","POINT (-87.641039883719 41.909275457413)"
"730 W NORTH","2026-04-13T08:37:25.000","2026-05-06T11:05:11.000","5","41.911218000941","-87.647242500002","POINT (-87.647242500002 41.911218000941)"
"200 W DIVISION ST","2026-04-11T23:25:09.000","2026-05-06T11:04:09.000","1","41.903919583505","-87.634565463159","POINT (-87.634565463159 41.903919583505)"
"1242 N STATE ST","2026-04-10T17:21:06.000","2026-05-06T10:46:52.000","10","41.905251000941","-87.629008500002","POINT (-87.629008500002 41.905251000941)"
"1440 N STATE ST","2026-04-09T12:27:45.000","2026-05-06T10:44:41.000","10","41.909004000941","-87.629206500002","POINT (-87.629206500002 41.909004000941)"
"1410 N STATE PKWY","2026-04-09T12:29:23.000","2026-05-06T10:43:27.000","10","41.908143705196","-87.628874198373","POINT (-87.628874198373 41.908143705196)"
"1502 N STATE PKWY","2026-04-06T14:42:40.000","2026-05-06T10:41:41.000","10","41.909606259118","-87.628917563747","POINT (-87.628917563747 41.909606259118)"
"1530 N STATE ST","2026-04-06T14:43:38.000","2026-05-06T10:40:50.000","10","41.910489000941","-87.629278500002","POINT (-87.629278500002 41.910489000941)"
"2233 N CLYBOURN AVE","2026-04-06T14:10:46.000","2026-05-06T10:40:18.000","5","41.922305116863","-87.665241417888","POINT (-87.665241417888 41.922305116863)"
"1777 W ALTGELD ST","2026-03-25T11:30:51.000","2026-05-06T10:38:29.000","5","41.928345000941","-87.672807000002","POINT (-87.672807000002 41.928345000941)"
"2420 N CLYBOURN AVE","2026-03-24T20:35:43.000","2026-05-06T10:37:43.000","7","41.925564000941","-87.670300500002","POINT (-87.670300500002 41.925564000941)"
"2038 W ROSCOE ST","2026-03-24T09:44:58.000","2026-05-06T10:36:18.000","6","41.943483000941","-87.680020500002","POINT (-87.680020500002 41.943483000941)"
"2958 N LEAVITT ST","2026-03-23T17:57:41.000","2026-05-06T10:35:25.000","20","41.935761000941","-87.683400000002","POINT (-87.683400000002 41.935761000941)"
"1757 N HOYNE AVE","2026-03-22T19:17:05.000","2026-05-06T10:34:24.000","7","41.913904853918","-87.67993000517","POINT (-87.67993000517 41.913904853918)"
"2100 N WOLCOTT AVE","2026-03-20T16:33:38.000","2026-05-06T10:32:40.000","13","41.919679754358","-87.675316020161","POINT (-87.675316020161 41.919679754358)"
"2341 W MOFFAT ST","2026-03-18T09:05:51.000","2026-05-06T10:28:58.000","9","41.914557000941","-87.686370000002","POINT (-87.686370000002 41.914557000941)"
"2054 W WEBSTER AVE","2026-03-17T12:34:01.000","2026-05-06T10:28:14.000","15","41.921172000941","-87.675903000002","POINT (-87.675903000002 41.921172000941)"
"2627 N JONES ST","2026-03-10T14:10:19.000","2026-05-06T10:26:53.000","5","41.929155000941","-87.686478000002","POINT (-87.686478000002 41.929155000941)"
"2536 N ELSTON AVE","2026-03-10T14:08:29.000","2026-05-06T10:26:01.000","11","41.927544000941","-87.681541500002","POINT (-87.681541500002 41.927544000941)"
"1227 W OAKDALE AVE","2026-03-10T13:52:18.000","2026-05-06T10:25:00.000","9","41.935086000941","-87.659959500002","POINT (-87.659959500002 41.935086000941)"
"1675 N ELSTON AVE","2026-03-10T13:52:47.000","2026-05-06T10:23:51.000","8","41.912712000941","-87.663240000002","POINT (-87.663240000002 41.912712000941)"
"1570 W HOMER ST","2026-03-10T11:43:22.000","2026-05-06T10:23:11.000","10","41.917338000941","-87.667398000002","POINT (-87.667398000002 41.917338000941)"
"1709 N DAMEN AVE","2026-03-04T15:37:45.000","2026-05-06T10:22:23.000","6","41.912590605017","-87.677442094269","POINT (-87.677442094269 41.912590605017)"
"3328 N SEELEY AVE","2026-02-03T15:35:38.000","2026-05-06T10:21:41.000","15","41.942268000941","-87.679899000002","POINT (-87.679899000002 41.942268000941)"
"5016 N PULASKI RD","2026-05-01T08:07:38.000","2026-05-06T09:33:50.000","1","41.972445000941","-87.728503500002","POINT (-87.728503500002 41.972445000941)"
"4907 N KILDARE AVE","2026-05-04T10:19:14.000","2026-05-06T09:22:14.000","25","41.970285000941","-87.735199500002","POINT (-87.735199500002 41.970285000941)"
"4858 N TRIPP AVE","2026-04-10T19:13:10.000","2026-05-06T09:15:17.000","13","41.969853000941","-87.734556000002","POINT (-87.734556000002 41.969853000941)"
"5036 N KEELER AVE","2026-04-16T15:28:21.000","2026-05-06T09:11:56.000","16","41.972976000941","-87.733386000002","POINT (-87.733386000002 41.972976000941)"
"4836 N KILDARE AVE","2026-04-17T18:30:29.000","2026-05-06T09:11:08.000","10","41.969259000941","-87.735744000002","POINT (-87.735744000002 41.969259000941)"
"4300 W AINSLIE ST","2026-04-24T10:47:18.000","2026-05-06T09:08:09.000","29","41.970045296639","-87.735564562634","POINT (-87.735564562634 41.970045296639)"
"300 E 12TH ST","2026-04-30T17:23:40.000","2026-05-06T09:07:43.000","2","41.86746000094","-87.620832000002","POINT (-87.620832000002 41.86746000094)"
"4200 W AINSLIE ST","2026-04-24T10:45:02.000","2026-05-06T09:07:23.000","8","41.970072296639","-87.733098562667","POINT (-87.733098562667 41.970072296639)"
"4100 W AINSLIE ST","2026-04-24T10:41:55.000","2026-05-06T09:06:27.000","2","41.970097651957","-87.730630213035","POINT (-87.730630213035 41.970097651957)"
"243 E GRAND AVE","2026-05-02T19:36:46.000","2026-05-06T09:05:09.000","3","41.891738146158","-87.620909109591","POINT (-87.620909109591 41.891738146158)"
"762 N JEAN BAPTISTE POINTE DUSABLE LAKE SHORE DR","2026-04-22T07:47:41.000","2026-05-06T09:04:17.000","1","41.896740596119","-87.616904189417","POINT (-87.616904189417 41.896740596119)"
"4931 N TRIPP AVE","2026-03-25T08:47:56.000","2026-05-06T09:04:12.000","41","41.970960000941","-87.734016000002","POINT (-87.734016000002 41.970960000941)"
"880 N LAKE SHORE DR","2026-05-04T13:01:34.000","2026-05-06T09:03:34.000","1","41.899041000941","-87.618978000002","POINT (-87.618978000002 41.899041000941)"
"924 N CLARK ST","2026-05-04T15:17:02.000","2026-05-06T09:02:06.000","1","41.899554000941","-87.631879500002","POINT (-87.631879500002 41.899554000941)"
"1200 N ASTOR ST","2026-05-01T07:42:54.000","2026-05-06T09:01:21.000","1","41.904028094018","-87.62695153934","POINT (-87.62695153934 41.904028094018)"
"365 N JEFFERSON ST","2026-04-27T02:04:18.000","2026-05-06T08:59:42.000","1","41.88864600094","-87.642463500002","POINT (-87.642463500002 41.88864600094)"
"808 S WELLS ST","2026-04-29T14:20:10.000","2026-05-06T08:58:56.000","11","41.87115000094","-87.634755000002","POINT (-87.634755000002 41.87115000094)"
"30 N LASALLE ST","2026-05-05T12:48:40.000","2026-05-06T08:57:52.000","14","41.882722545428","-87.632467187664","POINT (-87.632467187664 41.882722545428)"
"4826 N LOWELL AVE","2026-04-07T12:44:01.000","2026-05-06T08:57:31.000","1","41.968998000941","-87.737035500002","POINT (-87.737035500002 41.968998000941)"
"605 W MADISON ST","2026-05-01T12:21:06.000","2026-05-06T08:56:05.000","2","41.881845423775","-87.642666788703","POINT (-87.642666788703 41.881845423775)"
"568 W WASHINGTON BLVD","2026-04-29T08:46:36.000","2026-05-06T08:55:08.000","7","41.883179964839","-87.642705524273","POINT (-87.642705524273 41.883179964839)"
"5700 W WRIGHTWOOD AVE","2026-04-09T11:12:01.000","2026-05-06T08:51:37.000","32","41.927655296639","-87.768630511407","POINT (-87.768630511407 41.927655296639)"
"659 W RANDOLPH ST","2026-05-04T10:53:34.000","2026-05-06T08:51:16.000","1","41.88402000094","-87.644718000002","POINT (-87.644718000002 41.88402000094)"
"5700 W SCHUBERT AVE","2026-03-17T08:27:37.000","2026-05-06T08:50:38.000","45","41.929482296639","-87.768693513613","POINT (-87.768693513613 41.929482296639)"
"101 N WABASH AVE","2026-04-30T17:53:08.000","2026-05-06T08:49:30.000","1","41.883229589968","-87.626235360526","POINT (-87.626235360526 41.883229589968)"
"2457 N MANGO AVE","2026-03-18T20:24:07.000","2026-05-06T08:45:06.000","85","41.925753883555","-87.769707204546","POINT (-87.769707204546 41.925753883555)"
"8301 S STEWART AVE","2026-04-28T09:14:23.000","2026-05-06T08:10:46.000","3","41.74311600094","-87.633697500002","POINT (-87.633697500002 41.74311600094)"
"620 W 87TH ST","2026-05-04T08:35:57.000","2026-05-06T08:09:31.000","8","41.736307378296","-87.639980624121","POINT (-87.639980624121 41.736307378296)"
"8409 S VINCENNES AVE","2026-04-27T08:07:11.000","2026-05-06T08:07:48.000","4","41.741668758458","-87.638062847638","POINT (-87.638062847638 41.741668758458)"
"8600 S LOOMIS ST","2026-04-29T09:51:10.000","2026-05-06T08:04:12.000","13","41.73755400094","-87.658546500002","POINT (-87.658546500002 41.73755400094)"
"8458 S HALSTED ST","2026-05-01T11:06:08.000","2026-05-06T08:03:22.000","9","41.73970113935","-87.643730816867","POINT (-87.643730816867 41.73970113935)"
"264 W 107TH PL","2026-04-30T12:37:50.000","2026-05-06T08:01:29.000","29","41.698882101023","-87.63048177069","POINT (-87.63048177069 41.698882101023)"
"1829 W FARRAGUT AVE","2026-04-20T13:04:06.000","2026-05-06T07:32:40.000","3","41.976819000941","-87.675970500002","POINT (-87.675970500002 41.976819000941)"
"1800 W FOSTER AVE","2026-05-04T15:14:11.000","2026-05-06T07:31:57.000","32","41.977332000941","-87.674940000002","POINT (-87.674940000002 41.977332000941)"
"5654 N MAPLEWOOD AVE","2026-05-03T11:58:10.000","2026-05-06T07:31:05.000","44","41.984748000941","-87.693538500002","POINT (-87.693538500002 41.984748000941)"
"2544 W HOLLYWOOD AVE","2026-04-29T13:17:37.000","2026-05-06T07:30:02.000","24","41.985144000941","-87.693507000002","POINT (-87.693507000002 41.985144000941)"
"5800 N CAMPBELL AVE","2026-04-30T19:49:32.000","2026-05-06T07:29:14.000","8","41.986962000941","-87.692310000002","POINT (-87.692310000002 41.986962000941)"
"1816 W IRVING PARK RD","2026-05-03T12:46:15.000","2026-05-06T07:22:37.000","13","41.954427000941","-87.674859000002","POINT (-87.674859000002 41.954427000941)"
"4433 N ASHLAND AVE","2026-05-01T15:45:17.000","2026-05-06T07:21:54.000","21","41.962599000941","-87.668964000002","POINT (-87.668964000002 41.962599000941)"
"4023 N WOLCOTT AVE","2026-05-04T17:12:29.000","2026-05-06T07:21:10.000","14","41.954895000941","-87.676191000002","POINT (-87.676191000002 41.954895000941)"
"4152 N WOLCOTT AVE","2026-05-04T17:13:09.000","2026-05-06T07:19:42.000","16","41.957541000941","-87.676600500002","POINT (-87.676600500002 41.957541000941)"
"4025 N HERMITAGE AVE","2026-05-04T14:20:48.000","2026-05-06T07:18:41.000","10","41.955084000941","-87.671866500002","POINT (-87.671866500002 41.955084000941)"
"2011 W EASTWOOD AVE","2026-05-03T17:31:02.000","2026-05-06T07:17:23.000","5","41.965848000941","-87.679660500002","POINT (-87.679660500002 41.965848000941)"
"2119 W MONTROSE AVE","2026-05-03T10:15:58.000","2026-05-06T07:16:12.000","11","41.961420974918","-87.68221755714","POINT (-87.68221755714 41.961420974918)"
"4600 N ROCKWELL ST","2026-05-03T08:46:40.000","2026-05-06T07:14:51.000","5","41.964877328569","-87.693766615276","POINT (-87.693766615276 41.964877328569)"
"4102 N LINCOLN AVE","2026-05-03T09:42:27.000","2026-05-06T07:13:28.000","7","41.956209000941","-87.680673000002","POINT (-87.680673000002 41.956209000941)"
"2330 W SUNNYSIDE AVE","2026-05-01T14:28:03.000","2026-05-06T07:12:02.000","13","41.963223296639","-87.687453945621","POINT (-87.687453945621 41.963223296639)"
"8600 S LAFAYETTE AVE","2026-04-23T06:59:16.000","2026-05-05T14:55:45.000","2","41.738044579676","-87.625573745114","POINT (-87.625573745114 41.738044579676)"
"2437 W COLUMBUS AVE","2026-03-23T11:16:00.000","2026-05-05T14:48:07.000","12","41.75830800094","-87.684174000002","POINT (-87.684174000002 41.75830800094)"
"7300 S WESTERN AVE","2026-03-27T14:46:53.000","2026-05-05T14:45:57.000","15","41.761004705241","-87.683229311218","POINT (-87.683229311218 41.761004705241)"
"2600 W 74TH ST","2026-03-27T14:54:48.000","2026-05-05T14:45:12.000","9","41.759299584404","-87.688078037774","POINT (-87.688078037774 41.759299584404)"
"2400 W 74TH ST","2026-03-27T14:53:16.000","2026-05-05T14:43:28.000","7","41.759299294516","-87.683186902349","POINT (-87.683186902349 41.759299294516)"
"7401 S CAMPBELL AVE","2026-04-06T20:18:55.000","2026-05-05T14:42:02.000","3","41.759194357445","-87.68554691278","POINT (-87.68554691278 41.759194357445)"
"7356 S ARTESIAN AVE","2026-04-06T20:18:41.000","2026-05-05T14:40:51.000","3","41.759215116231","-87.684325967821","POINT (-87.684325967821 41.759215116231)"
"7400 S WESTERN AVE","2026-04-08T15:48:41.000","2026-05-05T14:36:36.000","13","41.75908200094","-87.683800500002","POINT (-87.683800500002 41.75908200094)"
"2510 W 74TH ST","2026-04-12T20:58:51.000","2026-05-05T14:21:30.000","9","41.759243221644","-87.686075249982","POINT (-87.686075249982 41.759243221644)"
"7448 S MAPLEWOOD AVE","2026-04-21T12:18:55.000","2026-05-05T14:18:53.000","7","41.757283645929","-87.687147635291","POINT (-87.687147635291 41.757283645929)"
"2533 W COLUMBUS AVE","2026-04-29T07:00:31.000","2026-05-05T14:16:53.000","11","41.757409814695","-87.686712529339","POINT (-87.686712529339 41.757409814695)"
"821 W 91ST ST","2026-05-03T18:57:31.000","2026-05-05T14:03:09.000","4","41.728703705241","-87.644392715637","POINT (-87.644392715637 41.728703705241)"
"415 W 87TH ST","2026-04-26T11:14:24.000","2026-05-05T14:02:25.000","7","41.73570900094","-87.634543500002","POINT (-87.634543500002 41.73570900094)"
"9200 S ABERDEEN ST","2026-05-04T09:44:29.000","2026-05-05T14:00:54.000","16","41.726858054821","-87.650658920188","POINT (-87.650658920188 41.726858054821)"
"10108 S MORGAN ST","2026-05-05T13:56:33.000","2026-05-05T13:57:49.000","1","41.71014900094","-87.648079500002","POINT (-87.648079500002 41.71014900094)"
"3537 W 72ND ST","2026-04-30T17:03:28.000","2026-05-05T13:52:36.000","3","41.76224100094","-87.711462000002","POINT (-87.711462000002 41.76224100094)"
"1400 W 82ND ST","2026-05-01T15:09:59.000","2026-05-05T13:50:43.000","10","41.745027296639","-87.658528791964","POINT (-87.658528791964 41.745027296639)"
"8500 S HALSTED ST","2026-04-15T08:18:04.000","2026-05-05T13:49:55.000","96","41.739646571748","-87.643807735936","POINT (-87.643807735936 41.739646571748)"
"1200 W 82ND ST","2026-05-01T15:09:27.000","2026-05-05T13:49:02.000","14","41.745099296639","-87.65367329205","POINT (-87.65367329205 41.745099296639)"
"1300 W 82ND ST","2026-05-01T15:08:56.000","2026-05-05T13:48:16.000","25","41.745063296639","-87.656103292007","POINT (-87.656103292007 41.745063296639)"
"530 W 99TH ST","2026-05-02T14:19:21.000","2026-05-05T13:46:40.000","16","41.714339305613","-87.636904033868","POINT (-87.636904033868 41.714339305613)"
"9108 S EGGLESTON AVE","2026-05-04T13:29:33.000","2026-05-05T13:45:54.000","6","41.728864081177","-87.634978222559","POINT (-87.634978222559 41.728864081177)"
"8652 S KILBOURN AVE","2026-04-28T09:57:01.000","2026-05-05T13:40:29.000","14","41.734818053476","-87.733653514357","POINT (-87.733653514357 41.734818053476)"
"4132 W 86TH ST","2026-03-25T18:26:41.000","2026-05-05T13:37:25.000","13","41.736684296639","-87.725218781988","POINT (-87.725218781988 41.736684296639)"
"8331 S KEELER AVE","2026-03-30T10:14:42.000","2026-05-05T13:36:41.000","11","41.74119900094","-87.726213000002","POINT (-87.726213000002 41.74119900094)"
"8655 S KEELER AVE","2026-04-04T15:06:30.000","2026-05-05T13:35:46.000","5","41.73499800094","-87.726028500002","POINT (-87.726028500002 41.73499800094)"
"4333 W 85TH ST","2026-04-25T09:48:20.000","2026-05-05T13:33:17.000","51","41.738320254992","-87.730126316097","POINT (-87.730126316097 41.738320254992)"
"4233 W 85TH ST","2026-04-25T09:48:44.000","2026-05-05T13:32:29.000","34","41.738360705241","-87.727778646222","POINT (-87.727778646222 41.738360705241)"
"1652 W MARQUETTE RD","2026-05-05T13:10:25.000","2026-05-05T13:12:30.000","1","41.77237500094","-87.666102000002","POINT (-87.666102000002 41.77237500094)"
"4915 W FOSTER AVE","2026-05-05T13:10:44.000","2026-05-05T13:11:24.000","4","41.975240705242","-87.751134277012","POINT (-87.751134277012 41.975240705242)"
"3854 W 60TH ST","2026-03-11T14:41:13.000","2026-05-05T13:09:36.000","6","41.78439900094","-87.720165000002","POINT (-87.720165000002 41.78439900094)"
"2400 W 83RD ST","2026-03-13T12:40:55.000","2026-05-05T13:08:59.000","69","41.74304400094","-87.682927500002","POINT (-87.682927500002 41.74304400094)"
"8200 S FAIRFIELD AVE","2026-04-09T07:18:32.000","2026-05-05T13:08:08.000","25","41.74434000094","-87.691536000002","POINT (-87.691536000002 41.74434000094)"
"3901 W 59TH ST","2026-03-24T13:15:27.000","2026-05-05T13:08:02.000","4","41.78577600094","-87.720669000002","POINT (-87.720669000002 41.78577600094)"
"2536 W 83RD ST","2026-04-21T14:09:32.000","2026-05-05T13:07:21.000","1","41.74299900094","-87.686770500002","POINT (-87.686770500002 41.74299900094)"
"2700 W 82ND ST","2026-04-29T23:12:09.000","2026-05-05T13:06:36.000","20","41.744586296639","-87.690132291437","POINT (-87.690132291437 41.744586296639)"
"3729 W 55TH ST","2026-04-06T16:48:01.000","2026-05-05T13:05:07.000","4","41.793242705242","-87.717114349839","POINT (-87.717114349839 41.793242705242)"
"8200 S ALBANY AVE","2026-03-20T14:44:21.000","2026-05-05T13:04:55.000","13","41.74421400094","-87.700099500002","POINT (-87.700099500002 41.74421400094)"
"3632 W 59TH ST","2026-04-16T09:35:18.000","2026-05-05T13:03:08.000","3","41.78636100094","-87.714481500002","POINT (-87.714481500002 41.78636100094)"
"3000 W 82ND ST","2026-03-24T15:47:22.000","2026-05-05T13:01:54.000","38","41.744469296639","-87.697444791297","POINT (-87.697444791297 41.744469296639)"
"8200 S TROY ST","2026-03-26T19:56:34.000","2026-05-05T13:00:54.000","12","41.74420500094","-87.701328000002","POINT (-87.701328000002 41.74420500094)"
"8159 S TROY ST","2026-04-06T10:19:44.000","2026-05-05T13:00:10.000","30","41.744352772968","-87.701028350939","POINT (-87.701028350939 41.744352772968)"
"8159 S ALBANY AVE","2026-04-07T06:43:21.000","2026-05-05T12:59:17.000","10","41.744372508577","-87.699808277771","POINT (-87.699808277771 41.744372508577)"
"3167 W 79TH ST","2026-04-23T14:15:19.000","2026-05-05T12:57:41.000","7","41.749691705241","-87.702094599228","POINT (-87.702094599228 41.749691705241)"
"8158 S KEDZIE AVE","2026-05-03T14:00:00.000","2026-05-05T12:56:58.000","10","41.744332847283","-87.702247814531","POINT (-87.702247814531 41.744332847283)"
"3647 W 56TH ST","2026-03-21T14:11:58.000","2026-05-05T12:56:18.000","5","41.79132900094","-87.715359000002","POINT (-87.715359000002 41.79132900094)"
"3833 W 55TH ST","2026-04-09T13:52:28.000","2026-05-05T12:47:47.000","4","41.79303000094","-87.719629500002","POINT (-87.719629500002 41.79303000094)"
"5400 S AVERS AVE","2026-05-02T09:08:09.000","2026-05-05T12:44:38.000","8","41.79498300094","-87.719796000002","POINT (-87.719796000002 41.79498300094)"
"5400 S SPRINGFIELD AVE","2026-04-28T14:46:40.000","2026-05-05T12:40:39.000","4","41.79494700094","-87.721038000002","POINT (-87.721038000002 41.79494700094)"
"5300 S HAMLIN AVE","2026-03-16T16:25:26.000","2026-05-05T12:37:40.000","5","41.79682800094","-87.718626000002","POINT (-87.718626000002 41.79682800094)"
"5322 S LARAMIE AVE","2026-05-01T16:39:50.000","2026-05-05T12:34:45.000","15","41.79649500094","-87.752907000002","POINT (-87.752907000002 41.79649500094)"
"7301 S KEDZIE AVE","2026-04-02T17:52:46.000","2026-05-05T12:25:49.000","9","41.76063000094","-87.702273000002","POINT (-87.702273000002 41.76063000094)"
"3059 N OSCEOLA AVE","2026-05-05T11:50:40.000","2026-05-05T11:51:29.000","6","41.936094000941","-87.812500500002","POINT (-87.812500500002 41.936094000941)"
"3100 N OCONTO AVE","2026-05-05T11:45:38.000","2026-05-05T11:46:23.000","50","41.936454000941","-87.808203000002","POINT (-87.808203000002 41.936454000941)"
"2716 W 62ND","2026-04-22T08:35:21.000","2026-05-05T11:46:15.000","8","41.781027296639","-87.6918014038","POINT (-87.6918014038 41.781027296639)"
"3000 N OCONTO AVE","2026-05-05T11:42:53.000","2026-05-05T11:44:48.000","80","41.934636000941","-87.808131000002","POINT (-87.808131000002 41.934636000941)"
"6205 S FAIRFIELD AVE","2026-03-30T12:38:36.000","2026-05-05T11:43:45.000","6","41.78048400094","-87.691761000002","POINT (-87.691761000002 41.78048400094)"
"6222 S FAIRFIELD","2026-04-22T08:44:18.000","2026-05-05T11:36:18.000","6","41.78025000094","-87.692503500002","POINT (-87.692503500002 41.78025000094)"
"6158 S CAMPBELL AVE","2026-04-29T12:17:30.000","2026-05-05T11:34:36.000","13","41.78118600094","-87.686428500002","POINT (-87.686428500002 41.78118600094)"
"6100 S FAIRFIELD AVE","2026-04-30T07:30:46.000","2026-05-05T11:33:42.000","7","41.78265300094","-87.692553000002","POINT (-87.692553000002 41.78265300094)"
"6023 S WASHTENAW AVE","2026-04-23T13:33:02.000","2026-05-05T11:32:23.000","12","41.78393100094","-87.690807000002","POINT (-87.690807000002 41.78393100094)"
"2716 W 61ST ST","2026-04-13T18:19:41.000","2026-05-05T11:29:36.000","8","41.78292300094","-87.692062500002","POINT (-87.692062500002 41.78292300094)"
"2556 W 60TH ST","2026-04-24T22:01:44.000","2026-05-05T11:27:57.000","26","41.78482200094","-87.688467000002","POINT (-87.688467000002 41.78482200094)"
"2059 W 67TH PL","2026-04-13T15:49:06.000","2026-05-05T11:26:34.000","5","41.771146254291","-87.676135684832","POINT (-87.676135684832 41.771146254291)"
"6325 S WINCHESTER AVE","2026-04-22T18:35:31.000","2026-05-05T11:21:45.000","20","41.778590869933","-87.672612420999","POINT (-87.672612420999 41.778590869933)"
"6002 S WINCHESTER AVE","2026-04-28T15:15:19.000","2026-05-05T11:16:56.000","2","41.78464200094","-87.673081500002","POINT (-87.673081500002 41.78464200094)"
"2355 S KENTON AVE","2026-04-19T10:52:15.000","2026-05-05T10:32:53.000","15","41.847799805247","-87.739001561624","POINT (-87.739001561624 41.847799805247)"
"4255 W CERMAK RD","2026-03-17T08:41:50.000","2026-05-05T10:31:12.000","10","41.85139091793","-87.73169268852","POINT (-87.73169268852 41.85139091793)"
"4031 W CERMAK RD","2026-04-06T13:55:09.000","2026-05-05T10:29:48.000","10","41.851483271259","-87.72590456121","POINT (-87.72590456121 41.851483271259)"
"4108 W 26TH ST","2026-04-29T18:31:41.000","2026-05-05T10:28:14.000","20","41.844270296639","-87.727951196525","POINT (-87.727951196525 41.844270296639)"
"2200 S KEELER AVE","2026-03-13T14:56:28.000","2026-05-05T10:27:02.000","15","41.851423174607","-87.729680813107","POINT (-87.729680813107 41.851423174607)"
"2544 S KEDVALE AVE","2026-04-24T14:42:51.000","2026-05-05T10:22:47.000","25","41.84473500094","-87.728112000002","POINT (-87.728112000002 41.84473500094)"
"4203 W 25TH PL","2026-04-24T15:43:53.000","2026-05-05T10:21:26.000","5","41.84489700094","-87.729727500002","POINT (-87.729727500002 41.84489700094)"
"500 E MCFETRIDGE DR","2026-05-05T10:17:15.000","2026-05-05T10:18:13.000","5","41.865090407836","-87.615417981948","POINT (-87.615417981948 41.865090407836)"
"2506 S PULASKI RD","2026-04-24T09:38:33.000","2026-05-05T10:17:51.000","5","41.84580600094","-87.724890000002","POINT (-87.724890000002 41.84580600094)"
"4031 W 24TH PL","2026-04-24T16:27:09.000","2026-05-05T10:16:43.000","8","41.84679600094","-87.725952000002","POINT (-87.725952000002 41.84679600094)"
"1400 S LINN WHITE DR","2026-05-05T10:15:26.000","2026-05-05T10:16:05.000","7","41.85794700094","-87.609690000002","POINT (-87.609690000002 41.85794700094)"
"1300 S LINN WHITE DR","2026-05-05T10:13:56.000","2026-05-05T10:14:47.000","7","41.866319283041","-87.610204564284","POINT (-87.610204564284 41.866319283041)"
"700 E SOLIDARITY DR","2026-05-05T10:10:26.000","2026-05-05T10:11:14.000","6","41.866518296639","-87.611078798413","POINT (-87.611078798413 41.866518296639)"
"600 E SOLIDARITY DR","2026-05-05T10:08:51.000","2026-05-05T10:09:38.000","6","41.866493569654","-87.612575236347","POINT (-87.612575236347 41.866493569654)"
"400 E Waldron","2026-05-05T10:07:15.000","2026-05-05T10:07:52.000","3",,,
"1800 S MUSEUM CAMPUS DR","2026-05-05T10:04:49.000","2026-05-05T10:05:35.000","13","41.858486964508","-87.614550151525","POINT (-87.614550151525 41.858486964508)"
"1700 S MUSEUM CAMPUS DR","2026-05-05T09:59:46.000","2026-05-05T10:00:31.000","12","41.859347931285","-87.614017570288","POINT (-87.614017570288 41.859347931285)"
"1600 S MUSEUM CAMPUS DR","2026-05-05T09:57:45.000","2026-05-05T09:58:31.000","10","41.860303312535","-87.613969747112","POINT (-87.613969747112 41.860303312535)"
"1500 S MUSEUM CAMPUS DR","2026-05-05T09:55:29.000","2026-05-05T09:56:36.000","12","41.861257245721","-87.614424469912","POINT (-87.614424469912 41.861257245721)"
"1400 S MUSEUM CAMPUS DR","2026-05-05T09:53:51.000","2026-05-05T09:54:35.000","13","41.862792296583","-87.61496205691","POINT (-87.61496205691 41.862792296583)"
"5208 W AINSLIE ST","2026-04-17T06:43:10.000","2026-05-05T09:14:28.000","2","41.969794526279","-87.758010215757","POINT (-87.758010215757 41.969794526279)"
"5439 W CARMEN AVE","2026-04-17T07:50:57.000","2026-05-05T09:13:25.000","3","41.973334600985","-87.764179552707","POINT (-87.764179552707 41.973334600985)"
"5328 W ARGYLE ST","2026-04-22T08:21:04.000","2026-05-05T09:11:28.000","3","41.971770000941","-87.761335500002","POINT (-87.761335500002 41.971770000941)"
"5159 W AINSLIE ST","2026-04-29T15:54:57.000","2026-05-05T09:10:45.000","6","41.969743977061","-87.757583568117","POINT (-87.757583568117 41.969743977061)"
"4769 N LONG AVE","2026-04-29T15:51:47.000","2026-05-05T09:10:05.000","1","41.967675935502","-87.762614560521","POINT (-87.762614560521 41.967675935502)"
"5030 N CICERO AVE","2026-03-26T14:19:37.000","2026-05-05T09:06:44.000","1","41.972542142307","-87.747995451245","POINT (-87.747995451245 41.972542142307)"
"5025 N LARAMIE AVE","2026-04-01T16:22:28.000","2026-05-05T09:05:37.000","3","41.972094000941","-87.756916500002","POINT (-87.756916500002 41.972094000941)"
"4923 W WINONA ST","2026-04-03T19:44:11.000","2026-05-05T09:04:51.000","1","41.974200000941","-87.751435500002","POINT (-87.751435500002 41.974200000941)"
"4800 N LECLAIRE AVE","2026-04-08T08:39:57.000","2026-05-05T09:04:07.000","22","41.968001297516","-87.755131880904","POINT (-87.755131880904 41.968001297516)"
"4800 N LAVERGNE AVE","2026-04-08T08:41:18.000","2026-05-05T09:03:23.000","6","41.968030109939","-87.752717450591","POINT (-87.752717450591 41.968030109939)"
"5000 W STRONG ST","2026-04-08T08:42:29.000","2026-05-05T09:01:45.000","7","41.970897000941","-87.752862000002","POINT (-87.752862000002 41.970897000941)"
"5178 N ELSTON AVE","2026-04-08T11:22:05.000","2026-05-05T09:00:02.000","12","41.975098071153","-87.751621272567","POINT (-87.751621272567 41.975098071153)"
"4950 N CICERO AVE","2026-04-10T15:17:15.000","2026-05-05T08:59:25.000","1","41.971402123236","-87.747980064169","POINT (-87.747980064169 41.971402123236)"
"4900 N LECLAIRE AVE","2026-04-11T11:25:00.000","2026-05-05T08:58:09.000","8","41.969827012472","-87.755187516696","POINT (-87.755187516696 41.969827012472)"
"5159 W STRONG ST","2026-04-11T11:27:03.000","2026-05-05T08:56:41.000","4","41.970402000941","-87.757443000002","POINT (-87.757443000002 41.970402000941)"
"4801 W STRONG ST","2026-04-15T09:15:12.000","2026-05-05T08:55:52.000","1","41.970573000941","-87.748029000002","POINT (-87.748029000002 41.970573000941)"
"4850 N CICERO AVE","2026-04-18T21:12:58.000","2026-05-05T08:54:32.000","1","41.969525786975","-87.747959066861","POINT (-87.747959066861 41.969525786975)"
"5142 W WINONA ST","2026-04-21T17:28:10.000","2026-05-05T08:53:52.000","2","41.974524000941","-87.756970500002","POINT (-87.756970500002 41.974524000941)"
"1200 s museum campus drive","2026-05-05T08:52:00.000","2026-05-05T08:53:09.000","15",,,
"5059 W GUNNISON ST","2026-05-03T15:05:22.000","2026-05-05T08:53:09.000","8","41.968521000941","-87.754855500002","POINT (-87.754855500002 41.968521000941)"
"8422 W GREGORY ST","2026-04-17T08:51:48.000","2026-05-05T08:47:38.000","28","41.980437000941","-87.837714000002","POINT (-87.837714000002 41.980437000941)"
"400 E MCFETRIDGE DR","2026-05-05T08:42:39.000","2026-05-05T08:45:19.000","5","41.865060296639","-87.618136064039","POINT (-87.618136064039 41.865060296639)"
"8702 W GREGORY ST","2026-04-18T08:35:49.000","2026-05-05T08:44:36.000","87","41.980119811356","-87.844120859751","POINT (-87.844120859751 41.980119811356)"
"5300 N OAKVIEW AVE","2026-04-21T10:48:10.000","2026-05-05T08:42:29.000","33","41.975167797192","-87.844057496125","POINT (-87.844057496125 41.975167797192)"
"5401 N CHESTER AVE","2026-04-22T06:24:00.000","2026-05-05T08:41:41.000","45","41.977701000941","-87.838636500002","POINT (-87.838636500002 41.977701000941)"
"8657 W BERWYN AVE","2026-04-22T17:58:01.000","2026-05-05T08:40:47.000","1","41.974965000941","-87.843676500002","POINT (-87.843676500002 41.974965000941)"
"1800 S LSD","2026-05-05T08:38:34.000","2026-05-05T08:39:34.000","3","41.857882978783","-87.616784152413","POINT (-87.616784152413 41.857882978783)"
"8700 W EVELYN LN","2026-04-24T15:55:19.000","2026-05-05T08:39:27.000","5","41.977125000941","-87.844275000002","POINT (-87.844275000002 41.977125000941)"
"8500 W CATHERINE AVE","2026-03-18T17:26:20.000","2026-05-05T08:37:47.000","66","41.977692000941","-87.839280000002","POINT (-87.839280000002 41.977692000941)"
"5240 N OAKVIEW AVE","2026-04-01T19:28:48.000","2026-05-05T08:36:54.000","2","41.974956000941","-87.844315500002","POINT (-87.844315500002 41.974956000941)"
"8611 W GREGORY ST","2026-04-10T08:30:56.000","2026-05-05T08:36:11.000","25","41.979762000941","-87.845400000002","POINT (-87.845400000002 41.979762000941)"
"8545 W BERWYN AVE","2026-04-13T09:18:49.000","2026-05-05T08:34:42.000","5","41.974902000941","-87.840967500002","POINT (-87.840967500002 41.974902000941)"
"8501 W BRYN MAWR AVE","2026-04-13T20:12:16.000","2026-05-05T08:33:54.000","13","41.980752000941","-87.839235000002","POINT (-87.839235000002 41.980752000941)"
"8649 W CATHERINE AVE","2026-04-15T19:50:10.000","2026-05-05T08:33:12.000","14","41.97683397595","-87.843814196633","POINT (-87.843814196633 41.97683397595)"
"3600 N PITTSBURGH AVE","2026-03-30T17:25:08.000","2026-05-05T08:31:11.000","12","41.944916186248","-87.832830063044","POINT (-87.832830063044 41.944916186248)"
"3858 N PLAINFIELD AVE","2026-04-06T16:39:27.000","2026-05-05T08:27:56.000","18","41.950152000941","-87.834460500002","POINT (-87.834460500002 41.950152000941)"
"8236 W GRACE ST","2026-04-06T22:09:53.000","2026-05-05T08:26:32.000","22","41.948622000941","-87.833178000002","POINT (-87.833178000002 41.948622000941)"
"4556 S CALIFORNIA AVE","2026-04-14T05:40:44.000","2026-05-05T08:26:14.000","13","41.810090411673","-87.694264986204","POINT (-87.694264986204 41.810090411673)"
"8200 W BYRON ST","2026-03-24T08:10:09.000","2026-05-05T08:24:26.000","15","41.950407296639","-87.831815038888","POINT (-87.831815038888 41.950407296639)"
"1832 W 18TH ST","2026-05-05T08:20:07.000","2026-05-05T08:21:13.000","2","41.85790200094","-87.672424500002","POINT (-87.672424500002 41.85790200094)"
"3017 W 41ST ST","2026-04-23T17:32:47.000","2026-05-05T08:19:34.000","25","41.81882400094","-87.700198500002","POINT (-87.700198500002 41.81882400094)"
"1800 W 18TH ST","2026-05-05T08:18:29.000","2026-05-05T08:19:29.000","9","41.85800100094","-87.671277000002","POINT (-87.671277000002 41.85800100094)"
"2641 S ASHLAND AVE","2026-04-09T18:11:58.000","2026-05-05T08:18:13.000","10","41.843704106063","-87.665776678657","POINT (-87.665776678657 41.843704106063)"
"2200 W 37TH ST","2026-04-20T07:22:36.000","2026-05-05T07:48:19.000","3","41.826697464668","-87.680069690083","POINT (-87.680069690083 41.826697464668)"
"1745 W WALLEN AVE","2026-03-19T11:05:23.000","2026-05-05T07:47:18.000","22","42.002520389195","-87.674477596723","POINT (-87.674477596723 42.002520389195)"
"3612 S BLAKE ST","2026-04-29T09:28:33.000","2026-05-05T07:47:07.000","4","41.827679262778","-87.681295667826","POINT (-87.681295667826 41.827679262778)"
"1634 W FARWELL AVE","2026-03-18T22:24:40.000","2026-05-05T07:46:07.000","15","42.006915000941","-87.671425500002","POINT (-87.671425500002 42.006915000941)"
"3205 S PAULINA ST","2026-04-28T15:36:54.000","2026-05-05T07:46:05.000","22","41.835816789353","-87.668015266773","POINT (-87.668015266773 41.835816789353)"
"1401 W FARWELL AVE","2026-04-08T19:23:01.000","2026-05-05T07:45:24.000","2","42.006537000941","-87.666273000002","POINT (-87.666273000002 42.006537000941)"
"3825 S ALBANY AVE","2026-04-30T09:19:49.000","2026-05-05T07:45:06.000","15","41.82368400094","-87.701670000002","POINT (-87.701670000002 41.82368400094)"
"6601 N TALMAN AVE","2026-04-27T09:37:45.000","2026-05-05T07:44:33.000","14","42.001425000941","-87.695806500002","POINT (-87.695806500002 42.001425000941)"
"6555 N RICHMOND ST","2026-05-01T14:24:17.000","2026-05-05T07:43:51.000","6","42.000972300913","-87.703330044059","POINT (-87.703330044059 42.000972300913)"
"2910 W 36TH ST","2026-04-21T20:33:01.000","2026-05-05T07:43:29.000","13","41.82848100094","-87.698142000002","POINT (-87.698142000002 41.82848100094)"
"2855 W JEROME ST","2026-05-02T09:10:11.000","2026-05-05T07:40:38.000","9","42.018165000941","-87.701778000002","POINT (-87.701778000002 42.018165000941)"
"2427 W TOUHY AVE","2026-05-02T17:32:35.000","2026-05-05T07:37:51.000","19","42.012045000941","-87.691302000002","POINT (-87.691302000002 42.012045000941)"
"10340 S PERRY AVE","2026-05-05T07:36:26.000","2026-05-05T07:37:24.000","18","41.705967825439","-87.625945549651","POINT (-87.625945549651 41.705967825439)"
"2353 W JARVIS AVE","2026-05-01T09:41:50.000","2026-05-05T07:35:11.000","5","42.015610021216","-87.689871390283","POINT (-87.689871390283 42.015610021216)"
"6040 N DRAKE AVE","2026-05-03T10:05:21.000","2026-05-05T07:34:29.000","4","41.991435000941","-87.717955500002","POINT (-87.717955500002 41.991435000941)"
"6094 N LINCOLN AVE","2026-05-01T16:36:13.000","2026-05-04T15:23:42.000","7","41.992515000941","-87.711192000002","POINT (-87.711192000002 41.992515000941)"
"1624 W GREGORY ST","2026-04-23T14:54:42.000","2026-05-04T15:14:40.000","4","41.982768000941","-87.670858500002","POINT (-87.670858500002 41.982768000941)"
"5340 N BOWMANVILLE AVE","2026-04-20T13:15:30.000","2026-05-04T15:14:01.000","6","41.978449267211","-87.686826534966","POINT (-87.686826534966 41.978449267211)"
"2055 W BALMORAL AVE","2026-04-20T13:21:43.000","2026-05-04T15:13:18.000","8","41.979429000941","-87.681622500002","POINT (-87.681622500002 41.979429000941)"
"5200 N CLARK ST","2026-04-21T18:18:51.000","2026-05-04T15:12:35.000","7","41.976324000941","-87.668770500002","POINT (-87.668770500002 41.976324000941)"
"2019 W RASCHER AVE","2026-04-23T15:06:49.000","2026-05-04T15:11:58.000","7","41.980392000941","-87.680331000002","POINT (-87.680331000002 41.980392000941)"
"5967 N RAVENSWOOD AVE","2026-04-15T10:24:19.000","2026-05-04T15:11:19.000","5","41.990166000941","-87.674395500002","POINT (-87.674395500002 41.990166000941)"
"5407 N HOYNE AVE","2026-04-23T15:05:08.000","2026-05-04T15:10:36.000","8","41.979996000941","-87.681811500002","POINT (-87.681811500002 41.979996000941)"
"2118 W BERWYN AVE","2026-04-20T13:10:20.000","2026-05-04T15:09:58.000","4","41.978007000941","-87.682765500002","POINT (-87.682765500002 41.978007000941)"
"2054 W FOSTER AVE","2026-04-24T11:54:18.000","2026-05-04T15:09:22.000","12","41.976234000941","-87.681568500002","POINT (-87.681568500002 41.976234000941)"
"2233 W BERWYN AVE","2026-04-20T13:11:48.000","2026-05-04T15:08:01.000","9","41.977539000941","-87.685713000002","POINT (-87.685713000002 41.977539000941)"
"1915 W BALMORAL AVE","2026-04-20T13:27:23.000","2026-05-04T15:07:18.000","7","41.979501000941","-87.677172000002","POINT (-87.677172000002 41.979501000941)"
"5505 N WOLCOTT AVE","2026-04-20T12:37:09.000","2026-05-04T15:06:41.000","5","41.981760000941","-87.676051500002","POINT (-87.676051500002 41.981760000941)"
"9258 S EGGLESTON AVE","2026-05-01T16:15:04.000","2026-05-04T15:06:20.000","26","41.725237754836","-87.634858237651","POINT (-87.634858237651 41.725237754836)"
"1630 W OLIVE AVE","2026-04-20T16:05:33.000","2026-05-04T15:06:02.000","9","41.984340764954","-87.671090492128","POINT (-87.671090492128 41.984340764954)"
"11163 S VERNON AVE","2026-04-30T14:48:40.000","2026-05-04T15:05:32.000","8","41.690942041372","-87.612111274235","POINT (-87.612111274235 41.690942041372)"
"5609 N HERMITAGE AVE","2026-04-20T12:09:20.000","2026-05-04T15:05:24.000","19","41.983758000941","-87.672861000002","POINT (-87.672861000002 41.983758000941)"
"5662 N CLARK ST","2026-04-23T14:52:11.000","2026-05-04T15:04:43.000","4","41.985135000941","-87.669450000002","POINT (-87.669450000002 41.985135000941)"
"10908 S INDIANA AVE","2026-05-01T10:51:27.000","2026-05-04T15:04:42.000","7","41.69594700094","-87.618618000002","POINT (-87.618618000002 41.69594700094)"
"1656 W SUMMERDALE AVE","2026-04-20T13:38:17.000","2026-05-04T15:04:06.000","17","41.979033000941","-87.671857500002","POINT (-87.671857500002 41.979033000941)"
"1930 W FARRAGUT AVE","2026-04-20T12:58:35.000","2026-05-04T15:03:29.000","5","41.977030108341","-87.67775261922","POINT (-87.67775261922 41.977030108341)"
"536 E 107TH ST","2026-04-27T16:58:27.000","2026-05-04T15:02:55.000","11","41.70029400094","-87.609609000002","POINT (-87.609609000002 41.70029400094)"
"2601 W BALMORAL AVE","2026-04-25T08:55:38.000","2026-05-04T15:02:48.000","12","41.979508044251","-87.694181041807","POINT (-87.694181041807 41.979508044251)"
"10549 S VERNON AVE","2026-04-29T14:26:56.000","2026-05-04T15:02:07.000","11","41.70224700094","-87.612165000002","POINT (-87.612165000002 41.70224700094)"
"10500 S INDIANA AVE","2026-05-01T13:45:35.000","2026-05-04T15:01:22.000","9","41.70341700094","-87.618838500002","POINT (-87.618838500002 41.70341700094)"
"617 W DRUMMOND PL","2026-03-09T18:28:00.000","2026-05-04T15:00:48.000","5","41.930433000941","-87.644488500002","POINT (-87.644488500002 41.930433000941)"
"10559 S STATE ST","2026-04-30T13:43:57.000","2026-05-04T15:00:34.000","15","41.70177000094","-87.623109000002","POINT (-87.623109000002 41.70177000094)"
"2520 N BURLING ST","2026-03-10T13:50:47.000","2026-05-04T15:00:05.000","15","41.927967000941","-87.647980500002","POINT (-87.647980500002 41.927967000941)"
"44 E 104TH ST","2026-04-30T13:45:09.000","2026-05-04T14:59:56.000","21","41.70558600094","-87.621795000002","POINT (-87.621795000002 41.70558600094)"
"1053 W LILL AVE","2026-04-09T16:21:22.000","2026-05-04T14:59:21.000","20","41.927913000941","-87.655815000002","POINT (-87.655815000002 41.927913000941)"
"50 W 104TH ST","2026-04-29T11:31:09.000","2026-05-04T14:59:09.000","12","41.70552300094","-87.625417500002","POINT (-87.625417500002 41.70552300094)"
"1134 W LILL AVE","2026-04-09T15:49:53.000","2026-05-04T14:58:28.000","5","41.928246000941","-87.657520500002","POINT (-87.657520500002 41.928246000941)"
"10100 S PRINCETON AVE","2026-05-01T08:18:10.000","2026-05-04T14:58:24.000","14","41.71073140374","-87.630810147774","POINT (-87.630810147774 41.71073140374)"
"1119 W ALTGELD ST","2026-04-20T19:51:44.000","2026-05-04T14:57:47.000","10","41.926941000941","-87.656917500002","POINT (-87.656917500002 41.926941000941)"
"621 E 100TH ST","2026-04-26T14:23:54.000","2026-05-04T14:57:31.000","8","41.71269600094","-87.608137500002","POINT (-87.608137500002 41.71269600094)"
"10200 S EBERHART AVE","2026-04-30T13:25:31.000","2026-05-04T14:55:57.000","13","41.70903300094","-87.611634000002","POINT (-87.611634000002 41.70903300094)"
"1333 N STATE PKWY","2026-03-26T14:54:38.000","2026-05-04T14:55:48.000","10","41.906714705242","-87.628702013919","POINT (-87.628702013919 41.906714705242)"
"19 E GOETHE ST","2026-04-14T11:20:41.000","2026-05-04T14:55:10.000","5","41.905620000941","-87.627879000002","POINT (-87.627879000002 41.905620000941)"
"10242 S VERNON AVE","2026-04-30T13:45:49.000","2026-05-04T14:54:11.000","11","41.70793500094","-87.612840000002","POINT (-87.612840000002 41.70793500094)"
"1400 N ASTOR ST","2026-05-01T07:44:30.000","2026-05-04T14:54:05.000","10","41.907924000941","-87.627906000002","POINT (-87.627906000002 41.907924000941)"
"1300 N ASTOR ST","2026-05-01T07:43:48.000","2026-05-04T14:53:24.000","5","41.905962000941","-87.627636000002","POINT (-87.627636000002 41.905962000941)"
"43 E BURTON PL","2026-04-21T13:21:26.000","2026-05-04T14:52:45.000","10","41.909455840683","-87.627162365184","POINT (-87.627162365184 41.909455840683)"
"2905 N JEAN BAPTISTE POINTE DUSABLE LAKE SHORE DR","2026-04-20T20:16:48.000","2026-05-04T14:51:55.000","6","41.934646542993","-87.632177178335","POINT (-87.632177178335 41.934646542993)"
"2960 N LAKE SHORE DR","2026-03-23T18:18:20.000","2026-05-04T14:50:20.000","3","41.935851000941","-87.637387500002","POINT (-87.637387500002 41.935851000941)"
"10033 S CLAREMONT AVE","2026-04-29T13:12:17.000","2026-05-04T14:50:05.000","11","41.71090500094","-87.680277000002","POINT (-87.680277000002 41.71090500094)"
"3000 N OB LSD","2026-03-13T18:43:50.000","2026-05-04T14:49:29.000","1","41.936641764595","-87.633691569395","POINT (-87.633691569395 41.936641764595)"
"9700 S HOYNE AVE","2026-04-30T13:58:00.000","2026-05-04T14:49:16.000","9","41.71725000094","-87.674989500002","POINT (-87.674989500002 41.71725000094)"
"11456 S ROCKWELL ST","2026-05-03T11:29:36.000","2026-05-04T14:48:24.000","11","41.68461600094","-87.686226000002","POINT (-87.686226000002 41.68461600094)"
"10838 S PROSPECT AVE","2026-05-01T16:51:04.000","2026-05-04T14:46:53.000","15","41.69655900094","-87.664036500002","POINT (-87.664036500002 41.69655900094)"
"10501 S HOMAN AVE","2026-05-01T08:08:02.000","2026-05-04T14:46:04.000","4","41.702466635547","-87.706118037387","POINT (-87.706118037387 41.702466635547)"
"2922 N SHEFFIELD AVE","2026-04-30T16:30:42.000","2026-05-04T14:45:12.000","1","41.935176000941","-87.654222000002","POINT (-87.654222000002 41.935176000941)"
"3959 W 99TH ST","2026-04-29T11:51:06.000","2026-05-04T14:45:10.000","7","41.713124705241","-87.721055746028","POINT (-87.721055746028 41.713124705241)"
"3757 W 103RD ST","2026-04-21T11:38:14.000","2026-05-04T14:44:20.000","1","41.70573900094","-87.715813500002","POINT (-87.715813500002 41.70573900094)"
"3909 W 103RD ST","2026-04-28T13:10:02.000","2026-05-04T14:43:37.000","1","41.70561300094","-87.718959000002","POINT (-87.718959000002 41.70561300094)"
"9233 S VANDERPOEL AVE","2026-03-20T13:59:50.000","2026-05-04T14:42:17.000","11","41.72560200094","-87.666111000002","POINT (-87.666111000002 41.72560200094)"
"3273 N LSD BELMONT AV XR","2026-04-28T15:51:57.000","2026-05-04T14:41:54.000","5","41.942242705971","-87.639617419364","POINT (-87.639617419364 41.942242705971)"
"9264 S LEAVITT ST","2026-03-27T08:53:11.000","2026-05-04T14:41:10.000","5","41.72463000094","-87.677667000002","POINT (-87.677667000002 41.72463000094)"
"3200 N DUSABLE LAKE SHORE DR","2026-04-18T15:01:31.000","2026-05-04T14:40:33.000","8","41.940513578102","-87.638368890608","POINT (-87.638368890608 41.940513578102)"
"835 W NEWPORT AVE","2026-04-18T17:39:09.000","2026-05-04T14:39:31.000","1","41.944302000941","-87.650815500002","POINT (-87.650815500002 41.944302000941)"
"3739 N SHEFFIELD AVE","2026-04-27T17:52:43.000","2026-05-04T14:38:49.000","1","41.950242000941","-87.654114000002","POINT (-87.654114000002 41.950242000941)"
"3800 N PINE GROVE AVE","2026-03-26T08:01:57.000","2026-05-04T14:37:33.000","12","41.951698414441","-87.647945860339","POINT (-87.647945860339 41.951698414441)"
"3950 N LAKE SHORE DR","2026-04-02T05:38:49.000","2026-05-04T14:36:53.000","12","41.954139000941","-87.645978000002","POINT (-87.645978000002 41.954139000941)"
"701 W SHERIDAN RD","2026-03-04T13:34:59.000","2026-05-04T14:36:14.000","3","41.952510000941","-87.648201000002","POINT (-87.648201000002 41.952510000941)"
"3601 N BROADWAY ST","2026-03-23T09:08:27.000","2026-05-04T14:35:33.000","10","41.947361448541","-87.647282168824","POINT (-87.647282168824 41.947361448541)"
"636 W SHERIDAN RD","2026-03-04T13:32:41.000","2026-05-04T14:34:53.000","4","41.953167000941","-87.646221000002","POINT (-87.646221000002 41.953167000941)"
"3903 N PINE GROVE AVE","2026-03-04T13:33:36.000","2026-05-04T14:34:15.000","13","41.953131000941","-87.647710500002","POINT (-87.647710500002 41.953131000941)"
"3766 N PINE GROVE AVE","2026-04-05T18:43:36.000","2026-05-04T14:33:36.000","11","41.951649856498","-87.647854735933","POINT (-87.647854735933 41.951649856498)"
"3559 N BELMONT HARBOR DR","2026-04-07T11:58:58.000","2026-05-04T14:32:59.000","6","41.948667397253","-87.642418288568","POINT (-87.642418288568 41.948667397253)"
"655 W IRVING PARK RD","2026-04-08T16:05:14.000","2026-05-04T14:32:20.000","9","41.954337000941","-87.646783500002","POINT (-87.646783500002 41.954337000941)"
"665 W GRACE ST","2026-04-21T09:36:18.000","2026-05-04T14:31:12.000","9","41.951529000941","-87.647494500002","POINT (-87.647494500002 41.951529000941)"
"3800 N LAKE SHORE DR","2026-03-17T11:42:58.000","2026-05-04T14:29:52.000","6","41.952501000941","-87.645393000002","POINT (-87.645393000002 41.952501000941)"
"2064 W 103RD ST","2026-03-17T15:05:30.000","2026-05-04T14:29:35.000","7","41.70675600094","-87.674499000002","POINT (-87.674499000002 41.70675600094)"
"630 W WAVELAND AVE","2026-04-09T15:36:20.000","2026-05-04T14:28:08.000","10","41.950404000941","-87.645915000002","POINT (-87.645915000002 41.950404000941)"
"917 W Sheridan Rd","2026-05-01T07:49:10.000","2026-05-04T14:27:32.000","8","41.952647755638","-87.652801321267","POINT (-87.652801321267 41.952647755638)"
"3804 N FREMONT ST","2026-04-18T11:35:48.000","2026-05-04T14:26:32.000","11","41.951322000941","-87.652309500002","POINT (-87.652309500002 41.951322000941)"
"3900F N FREMONT ST","2026-04-18T11:34:54.000","2026-05-04T14:25:54.000","2","41.952879000941","-87.652638000002","POINT (-87.652638000002 41.952879000941)"
"811 W SHERIDAN RD","2026-04-10T15:34:46.000","2026-05-04T14:25:11.000","3","41.952691085561","-87.65012335739","POINT (-87.65012335739 41.952691085561)"
"9233 S WESTERN AVE","2026-04-13T15:16:50.000","2026-05-04T14:24:36.000","1","41.72543100094","-87.681897000002","POINT (-87.681897000002 41.72543100094)"
"3801 N WILTON AVE","2026-04-10T15:44:29.000","2026-05-04T14:24:28.000","8","41.951394000941","-87.652903500002","POINT (-87.652903500002 41.951394000941)"
"9133 S WESTERN AVE","2026-04-12T20:54:49.000","2026-05-04T14:23:54.000","1","41.72726700094","-87.681973500002","POINT (-87.681973500002 41.72726700094)"
"1836 W 94TH ST","2026-04-01T10:25:51.000","2026-05-04T14:22:55.000","9","41.72320800094","-87.668779500002","POINT (-87.668779500002 41.72320800094)"
"9449 S WESTERN AVE","2026-04-14T19:35:02.000","2026-05-04T14:22:08.000","2","41.72121900094","-87.681631500002","POINT (-87.681631500002 41.72121900094)"
"62 E 75TH ST","2026-05-04T14:13:40.000","2026-05-04T14:14:18.000","1","41.75847000094","-87.622479000002","POINT (-87.622479000002 41.75847000094)"
"654 E 75TH ST","2026-05-04T14:12:14.000","2026-05-04T14:13:11.000","1","41.75870400094","-87.608142000002","POINT (-87.608142000002 41.75870400094)"
"1512 E 75TH ST","2026-05-04T14:10:28.000","2026-05-04T14:11:39.000","2","41.75898300094","-87.587793000002","POINT (-87.587793000002 41.75898300094)"
"120 E 78TH ST","2026-05-04T14:09:00.000","2026-05-04T14:09:45.000","1","41.75298900094","-87.620409000002","POINT (-87.620409000002 41.75298900094)"
"7355 S SOUTH SHORE DR","2026-05-04T14:07:34.000","2026-05-04T14:08:20.000","2","41.76299700094","-87.558952500002","POINT (-87.558952500002 41.76299700094)"
"2669 E 74TH ST","2026-05-04T14:05:53.000","2026-05-04T14:06:48.000","1","41.76187200094","-87.559398000002","POINT (-87.559398000002 41.76187200094)"
"12052 S UNION AVE","2026-05-01T14:41:42.000","2026-05-04T13:52:45.000","21","41.674460761737","-87.639472951723","POINT (-87.639472951723 41.674460761737)"
"1031 W 109TH PL","2026-03-25T15:54:28.000","2026-05-04T13:51:09.000","26","41.69481300094","-87.648556500002","POINT (-87.648556500002 41.69481300094)"
"11300 S GREEN ST","2026-04-29T08:06:43.000","2026-05-04T13:48:57.000","7","41.688711462994","-87.643485524902","POINT (-87.643485524902 41.688711462994)"
"1758 W 119TH ST","2026-05-04T06:04:39.000","2026-05-04T13:48:10.000","16","41.677518296638","-87.666164788644","POINT (-87.666164788644 41.677518296638)"
"1400 E 100TH ST","2026-04-30T13:46:32.000","2026-05-04T13:36:06.000","38","41.713663987566","-87.592284556026","POINT (-87.592284556026 41.713663987566)"
"7930 S FARRAGUT DR","2026-05-02T16:57:43.000","2026-05-04T13:33:27.000","9","41.751057562635","-87.544533436826","POINT (-87.544533436826 41.751057562635)"
"8070 S LAKE SHORE DR","2026-05-02T13:29:37.000","2026-05-04T13:32:22.000","55","41.74849322833","-87.540656265575","POINT (-87.540656265575 41.74849322833)"
"300 E 103RD ST","2026-05-04T13:30:09.000","2026-05-04T13:31:10.000","20","41.70750300094","-87.615976500002","POINT (-87.615976500002 41.70750300094)"
"800 E 91ST ST","2026-05-04T13:28:37.000","2026-05-04T13:29:24.000","9","41.729421296638","-87.604577726698","POINT (-87.604577726698 41.729421296638)"
"9006 S JEFFERY AVE","2026-05-04T13:26:32.000","2026-05-04T13:27:37.000","1","41.73129000094","-87.575845500002","POINT (-87.575845500002 41.73129000094)"
"8400 S MARYLAND AVE","2026-04-30T16:28:29.000","2026-05-04T13:21:37.000","33","41.742075877601","-87.60384675839","POINT (-87.60384675839 41.742075877601)"
"9658 S STONY ISLAND AVE","2026-05-03T19:16:53.000","2026-05-04T13:20:40.000","2","41.718799785879","-87.585171733083","POINT (-87.585171733083 41.718799785879)"
"9601 S UNIVERSITY AVE","2026-05-02T10:27:32.000","2026-05-04T13:19:02.000","6","41.72019300094","-87.595641000002","POINT (-87.595641000002 41.72019300094)"
"8701 S JEFFERY AVE","2026-05-02T10:26:42.000","2026-05-04T13:17:02.000","1","41.73520500094","-87.575076000002","POINT (-87.575076000002 41.73520500094)"
"6345 W SUNNYSIDE AVE","2026-05-04T10:51:04.000","2026-05-04T10:58:14.000","2","41.961974705242","-87.786221240594","POINT (-87.786221240594 41.961974705242)"
"6159 W SUNNYSIDE AVE","2026-05-04T10:47:04.000","2026-05-04T10:47:57.000","2","41.962028705242","-87.781895446927","POINT (-87.781895446927 41.962028705242)"
"6015 W SUNNYSIDE AVE","2026-05-04T10:45:13.000","2026-05-04T10:46:12.000","8","41.962091705242","-87.777695353022","POINT (-87.777695353022 41.962091705242)"
"5853 W SUNNYSIDE AVE","2026-05-04T10:43:05.000","2026-05-04T10:43:59.000","7","41.962208705242","-87.774335620477","POINT (-87.774335620477 41.962208705242)"
"5759 W SUNNYSIDE AVE","2026-05-04T10:41:12.000","2026-05-04T10:42:08.000","1","41.962237220443","-87.772119461497","POINT (-87.772119461497 41.962237220443)"
"5615 W SUNNYSIDE AVE","2026-05-04T10:38:36.000","2026-05-04T10:39:26.000","15","41.962298705242","-87.767918920168","POINT (-87.767918920168 41.962298705242)"
"5304 W SUNNYSIDE AVE","2026-05-04T10:35:21.000","2026-05-04T10:36:16.000","8","41.962707000941","-87.760314000002","POINT (-87.760314000002 41.962707000941)"
"5219 W SUNNYSIDE AVE","2026-05-04T10:33:32.000","2026-05-04T10:34:25.000","4","41.962414662323","-87.758255129815","POINT (-87.758255129815 41.962414662323)"
"5145 W SUNNYSIDE AVE","2026-04-23T19:24:30.000","2026-05-04T10:32:20.000","10","41.962212000941","-87.756745500002","POINT (-87.756745500002 41.962212000941)"
"6539 W MONTROSE AVE","2026-05-04T10:30:13.000","2026-05-04T10:31:03.000","3","41.960084705242","-87.790797007296","POINT (-87.790797007296 41.960084705242)"
"5000 N OAK PARK AVE","2026-05-04T10:22:37.000","2026-05-04T10:25:55.000","8","41.972103000941","-87.796845000002","POINT (-87.796845000002 41.972103000941)"
"5043 N OAK PARK AVE","2026-05-04T10:16:32.000","2026-05-04T10:17:25.000","10","41.973246000941","-87.796120500002","POINT (-87.796120500002 41.973246000941)"
"5100 N OAK PARK AVE","2026-05-04T10:14:34.000","2026-05-04T10:15:26.000","17","41.973903000941","-87.796692000002","POINT (-87.796692000002 41.973903000941)"
"6600 N OLIPHANT AVE","2026-05-04T10:11:58.000","2026-05-04T10:13:18.000","32","42.000624000941","-87.818652000002","POINT (-87.818652000002 42.000624000941)"
"6500 N OLIPHANT AVE","2026-05-04T10:09:03.000","2026-05-04T10:10:01.000","50","41.998418163902","-87.820656893011","POINT (-87.820656893011 41.998418163902)"
"6400 N. Oliphant","2026-05-04T10:05:59.000","2026-05-04T10:07:31.000","31",,,
"7528 W CHASE AVE","2026-04-28T07:57:54.000","2026-05-04T10:04:09.000","44","42.013380429307","-87.815010098907","POINT (-87.815010098907 42.013380429307)"
"7450 W CHASE AVE","2026-04-28T08:06:29.000","2026-05-04T10:02:30.000","35","42.013417250069","-87.813539705265","POINT (-87.813539705265 42.013417250069)"
"7300 W CHASE AVE","2026-05-04T09:58:57.000","2026-05-04T09:59:54.000","22","42.013527329927","-87.809146885167","POINT (-87.809146885167 42.013527329927)"
"3502 N NEWCASTLE AVE","2026-05-04T09:53:05.000","2026-05-04T09:54:03.000","12","41.94374362173","-87.797214530863","POINT (-87.797214530863 41.94374362173)"
"3356 N NEWCASTLE AVE","2026-04-15T18:59:44.000","2026-05-04T09:50:55.000","8","41.941647000941","-87.797349000002","POINT (-87.797349000002 41.941647000941)"
"3400 N OAK PARK AVE","2026-05-04T09:47:40.000","2026-05-04T09:48:40.000","21","41.941989000941","-87.796134000002","POINT (-87.796134000002 41.941989000941)"
"6911 W IRVING PARK RD","2026-05-04T09:45:17.000","2026-05-04T09:46:16.000","3","41.952537000941","-87.799266000002","POINT (-87.799266000002 41.952537000941)"
"5843 N OCONTO AVE","2026-05-04T09:41:09.000","2026-05-04T09:42:49.000","42","41.987718000941","-87.808014000002","POINT (-87.808014000002 41.987718000941)"
"7257 W PETERSON AVE","2026-05-04T09:37:33.000","2026-05-04T09:39:36.000","6","41.989725000941","-87.809121000002","POINT (-87.809121000002 41.989725000941)"
"5960 N ODELL AVE","2026-05-04T09:33:54.000","2026-05-04T09:34:48.000","16","41.989455000941","-87.810322500002","POINT (-87.810322500002 41.989455000941)"
"360 N MICHIGAN AVE","2026-04-29T22:15:10.000","2026-05-04T08:40:39.000","1","41.88793500094","-87.624891000002","POINT (-87.624891000002 41.88793500094)"
"25 E ERIE ST","2026-04-29T09:17:37.000","2026-05-04T08:38:27.000","4","41.89392000094","-87.627060000002","POINT (-87.627060000002 41.89392000094)"
"22 W OHIO ST","2026-04-30T12:44:50.000","2026-05-04T08:37:01.000","2","41.892519296639","-87.629017575026","POINT (-87.629017575026 41.892519296639)"
"620 N FRANKLIN ST","2026-04-30T21:11:19.000","2026-05-04T08:35:28.000","5","41.893114594065","-87.635694447425","POINT (-87.635694447425 41.893114594065)"
"321 N CLARK ST","2026-05-01T10:05:10.000","2026-05-04T08:33:55.000","12","41.88826800094","-87.630601500002","POINT (-87.630601500002 41.88826800094)"
"151 N FRANKLIN ST","2026-05-02T15:36:18.000","2026-05-04T08:32:05.000","6","41.88452904558","-87.635310463776","POINT (-87.635310463776 41.88452904558)"
"10 S CANAL ST","2026-04-29T22:11:13.000","2026-05-04T08:29:56.000","3","41.88149100094","-87.640209000002","POINT (-87.640209000002 41.88149100094)"
"303 E WACKER DR","2026-05-02T22:46:18.000","2026-05-04T08:29:13.000","9","41.886837312407","-87.620765669947","POINT (-87.620765669947 41.886837312407)"
"249 E RIVERWALK","2026-05-03T17:13:33.000","2026-05-04T08:10:03.000","5","41.88822538293","-87.620380802512","POINT (-87.620380802512 41.88822538293)"
"233 E WACKER DR","2026-05-02T21:40:03.000","2026-05-04T08:08:39.000","7","41.887905201221","-87.620663397881","POINT (-87.620663397881 41.887905201221)"
"3759 N RAVENSWOOD AVE","2026-03-03T11:38:59.000","2026-05-04T08:06:25.000","13","41.950170000941","-87.673365000002","POINT (-87.673365000002 41.950170000941)"
"818 E PERSHING RD","2026-04-13T07:59:11.000","2026-05-04T08:05:32.000","10","41.82438600094","-87.606202500002","POINT (-87.606202500002 41.82438600094)"
"3634 N BOSWORTH AVE","2026-03-26T12:24:36.000","2026-05-04T08:04:14.000","55","41.948091000941","-87.667987500002","POINT (-87.667987500002 41.948091000941)"
"1057 E OAKWOOD BLVD","2026-04-21T17:11:30.000","2026-05-04T08:03:55.000","40","41.825375456828","-87.599905939807","POINT (-87.599905939807 41.825375456828)"
"3866 S ELLIS AVE","2026-04-29T00:22:44.000","2026-05-04T08:00:26.000","10","41.824336544575","-87.605478996997","POINT (-87.605478996997 41.824336544575)"
"3900 N PAULINA ST","2026-04-28T13:52:03.000","2026-05-04T07:54:21.000","38","41.952564000941","-87.671632500002","POINT (-87.671632500002 41.952564000941)"
"3810 N GREENVIEW AVE","2026-04-29T08:11:44.000","2026-05-04T07:53:22.000","43","41.951070000941","-87.667609500002","POINT (-87.667609500002 41.951070000941)"
"3157 N LOCKWOOD AVE","2026-03-19T14:51:37.000","2026-05-02T15:26:10.000","128","41.938353000941","-87.758946000002","POINT (-87.758946000002 41.938353000941)"
"2834 N LOCKWOOD AVE","2026-03-20T09:48:05.000","2026-05-02T15:25:19.000","59","41.932485000941","-87.759094500002","POINT (-87.759094500002 41.932485000941)"
"2900 N LOTUS AVE","2026-03-23T14:55:55.000","2026-05-02T15:24:31.000","8","41.933206754689","-87.762710536496","POINT (-87.762710536496 41.933206754689)"
"5259 W OAKDALE AVE","2026-03-23T21:17:00.000","2026-05-02T15:23:29.000","2","41.933880000941","-87.758779500002","POINT (-87.758779500002 41.933880000941)"
"1200 W CHASE AVE","2026-04-10T13:51:52.000","2026-05-02T15:18:56.000","6","42.014304000941","-87.662475000002","POINT (-87.662475000002 42.014304000941)"
"7045 N GLENWOOD AVE","2026-04-17T23:03:46.000","2026-05-02T15:18:12.000","29","42.010704000941","-87.666147000002","POINT (-87.666147000002 42.010704000941)"
"6355 W FULLERTON AVE","2026-04-22T11:11:30.000","2026-05-02T15:13:33.000","1","41.923634420159","-87.785213603269","POINT (-87.785213603269 41.923634420159)"
"2100 N MOBILE AVE","2026-04-29T15:58:25.000","2026-05-02T15:12:52.000","9","41.918391000941","-87.783124500002","POINT (-87.783124500002 41.918391000941)"
"11624 S BELL AVE","2026-04-29T17:44:33.000","2026-05-02T15:12:04.000","15","41.682129985023","-87.677454120488","POINT (-87.677454120488 41.682129985023)"
"5657 N BERNARD ST","2026-04-17T07:39:53.000","2026-05-02T15:11:56.000","32","41.984640000941","-87.714828000002","POINT (-87.714828000002 41.984640000941)"
"5607 N KIMBALL AVE","2026-04-18T11:49:30.000","2026-05-02T15:11:15.000","8","41.983245000941","-87.713554500002","POINT (-87.713554500002 41.983245000941)"
"10658 S PROSPECT AVE","2026-03-31T08:02:40.000","2026-05-02T15:10:50.000","3","41.699468553977","-87.662232789164","POINT (-87.662232789164 41.699468553977)"
"3401 W ARDMORE AVE","2026-04-18T11:50:07.000","2026-05-02T15:10:39.000","6","41.986503000941","-87.714085500002","POINT (-87.714085500002 41.986503000941)"
"5755 N KIMBALL AVE","2026-04-19T11:42:56.000","2026-05-02T15:09:58.000","15","41.986458000941","-87.713604000002","POINT (-87.713604000002 41.986458000941)"
"10925 S WASHTENAW AVE","2026-04-30T10:34:47.000","2026-05-02T15:09:15.000","4","41.69452500094","-87.688327500002","POINT (-87.688327500002 41.69452500094)"
"5507 S HONORE ST","2026-04-10T12:28:33.000","2026-05-02T15:09:09.000","1","41.79335905772","-87.670564662226","POINT (-87.670564662226 41.79335905772)"
"5859 N KIMBALL AVE","2026-04-28T15:30:25.000","2026-05-02T15:08:31.000","12","41.988465793763","-87.713930338295","POINT (-87.713930338295 41.988465793763)"
"7133 N DAMEN AVE","2026-05-02T15:06:53.000","2026-05-02T15:07:45.000","4","42.012333000941","-87.680043000002","POINT (-87.680043000002 42.012333000941)"
"10532 S LEAVITT ST","2026-04-30T14:04:46.000","2026-05-02T15:07:16.000","7","41.701801435871","-87.676715100878","POINT (-87.676715100878 41.701801435871)"
"5508 S HONORE","2026-04-22T09:27:17.000","2026-05-02T15:06:09.000","2","41.79326400094","-87.670813500002","POINT (-87.670813500002 41.79326400094)"
"11000 S TRUMBULL AVE","2026-04-29T12:40:41.000","2026-05-02T15:04:37.000","11","41.6933065089","-87.70704179299","POINT (-87.70704179299 41.6933065089)"
"6111 S ELIZABETH ST","2026-04-09T13:05:23.000","2026-05-02T15:00:03.000","5","41.78281500094","-87.655423500002","POINT (-87.655423500002 41.78281500094)"
"6429 S MOZART ST","2026-04-08T14:13:10.000","2026-05-02T14:57:32.000","20","41.77642500094","-87.694290000002","POINT (-87.694290000002 41.77642500094)"
"6417 S WHIPPLE ST","2026-04-01T21:33:07.000","2026-05-02T14:51:38.000","8","41.77666800094","-87.699177000002","POINT (-87.699177000002 41.77666800094)"
"3858 S COTTAGE GROVE AVE","2026-05-02T14:49:19.000","2026-05-02T14:50:13.000","7","41.82430500094","-87.607588500002","POINT (-87.607588500002 41.82430500094)"
"1835 W TOUHY AVE","2026-03-12T10:00:15.000","2026-05-02T14:49:30.000","2","42.012324000941","-87.677352000002","POINT (-87.677352000002 42.012324000941)"
"7200 N DAMEN AVE","2026-04-20T09:25:17.000","2026-05-02T14:48:51.000","5","42.012595756634","-87.680356132587","POINT (-87.680356132587 42.012595756634)"
"6321 S ALBANY AVE","2026-04-23T17:48:38.000","2026-05-02T14:48:33.000","2","41.77835100094","-87.700401000002","POINT (-87.700401000002 41.77835100094)"
"1047 W 111TH PL","2026-04-30T13:31:51.000","2026-05-02T14:48:29.000","1","41.69115900094","-87.649110000002","POINT (-87.649110000002 41.69115900094)"
"1700 W FARWELL AVE","2026-04-23T16:22:56.000","2026-05-02T14:47:37.000","10","42.006621296639","-87.673478106924","POINT (-87.673478106924 42.006621296639)"
"1790 W LUNT AVE","2026-04-29T17:14:01.000","2026-05-02T14:46:58.000","39","42.008962213988","-87.675807057925","POINT (-87.675807057925 42.008962213988)"
